,Alan,99,,Liew,73,,,,,,,,,,,,,,,,,,
,,,55,41,86,117,57,39,,,,,,,,,,,,,,,
No,Name ,Sale,Wiper / Lth,Wiper Fluid,Tpms / Set,Valve / Set,Inflator,Tyre Repair Kit,Target 2K,Open Period,Dealer Type,Signboard,Area,State,Shop Full Address,Google Link,Whatsapp Link,Dealer Locator,Contact,WIX Contact,WIX,WIX IMG,
1,Chong Sheng Tyre Plus Service Centre,Liew,150,,,10,,,June 2025,June,Tyre Dealer ,Hankook,Semenyih,Selangor,"120f, Jalan Bandar Teknologi, Bandar Teknologi Kajang, Semenyih, Selangor 43500",https://share.google/UEIH2q6dcTy0fmJ4a,https://wa.me/60162631160,Y,60162631160,6016-2631 160,"[""Wiper"",""Valve""]",wix:image://v1/7bdb27_2471275e9d3f4377995d5e5cd7bfb5c0~mv2.png/Wiper_Valve.png#originWidth=3160&originHeight=670,
2,Chong Sheng Tyre & Auto Service Centre,Liew,,,,30,,,,June,Tyre Dealer ,Tayaria,Ampang,Selangor,"No. 38 A-G , Jalan Pandan Cahaya 2/2, Ampang 68000 Malaysia",https://share.google/HCwXVboPnkbY2bm2K,https://wa.me/60162631160,Y,60162631160,6016-2631 160,"[""Wiper"",""Valve""]",wix:image://v1/7bdb27_2471275e9d3f4377995d5e5cd7bfb5c0~mv2.png/Wiper_Valve.png#originWidth=3160&originHeight=670,
3,City HTC Sdn Bhd,Liew,,,,20,,,,June,Tyre Dealer ,Dunlop,Ampang,Selangor,"No 33, Jalan AWF3 Ampang Water Front, Ampang 68000 Malaysia",https://share.google/5vtzbOCHekMs3XN4w,https://wa.me/60182618488,Y,60182618488,6018-2618 488,"[""Valve""]",wix:image://v1/7bdb27_110173656c8c4335aecf23f4833f5b9f~mv2.png/Valve.png#originWidth=3160&originHeight=670,
4,Chong Sheng Tyre Plus Service Centre,Liew,,3,13,,,,Sept 2025,June,WorkShop,Castrol,Cheras,Selangor,"No.70, Jalan Temenggung 1/9, Seksyen 9, Bandar Mahkota Cheras, 43200 Malaysia",https://share.google/4xyRcbV0ivZqFDRtW,https://wa.me/60122862057,Y,60122862057,6012-2862 057,"[""TPMS"",""Windshield Fluid""]",wix:image://v1/7bdb27_16ce52cd92444e72bf4f10d8f502fa7e~mv2.png/TPMS_Fluid.png#originWidth=3160&originHeight=670,
5,Sen Chin Tyre Services Sdn Bhd,Liew,,,,40,,,,June,Tyre Dealer ,Michelin,Petaling Jaya,Selangor,"19B, Jalan 21/11b, Sea Park, Petaling Jaya 46300 Malaysia",https://share.google/niYRxnlq25oZN1gA9,https://wa.me/60176860827,Y,60176860827,6017-6860 827,"[""Valve""]",wix:image://v1/7bdb27_110173656c8c4335aecf23f4833f5b9f~mv2.png/Valve.png#originWidth=3160&originHeight=670,
6,SKL Tyre Auto Service Sdn Bhd,Liew,180,2,,,,,June 2025,June,Tyre Dealer ,Continental,Seri Kembangan,Selangor,"No:224,Jalan SK 6/1, Seri Kembangan 43300 Malaysia",https://share.google/TGclbhilkp5kaj31t,https://wa.me/60123832978,Y,60123832978,6012-3832 978,"[""Wiper"",""Windshield Fluid""]",wix:image://v1/7bdb27_05272b9d3809453486611a3514e423fd~mv2.png/Wiper_Fluid.png#originWidth=3160&originHeight=670,
7,KC Lee Auto Services Sdn Bhd,Liew,290,,2,10,10,,June 2025,June,MEC,MEC,Seri Kembangan,Selangor,"2, Jalan Perusahaan 3, Seri Kembangan 43300 Malaysia",https://share.google/ZIiprX0XvlWUO1jeN,https://wa.me/60163385677,Y,60163385677,6016-3385 677,"[""Wiper"",""Valve"",""TPMS"",""Inflator""]",wix:image://v1/7bdb27_d1f473556a5f474595368a571cdd0475~mv2.png/Wiper_Valve_TPMS_Inflator.png#originWidth=3160&originHeight=670,
8,Top Great Tyre & Auto Services,Liew,,,4,,1,,,June,Tyre Dealer ,Own Signage,Hulu Langat,Selangor,"No. 7, Jalan Besar, Hulu Langat 43100 Malaysia",https://share.google/GYECpX0LjlrIn8uyz,https://wa.me/60127927957,Y,60127927957,6012-7927 957,"[""TPMS"",""Inflator""]",wix:image://v1/7bdb27_48e4226c63bc44e69c28f6b5d0ef1626~mv2.png/TPMS_Inflator.png#originWidth=3160&originHeight=670,
9,Menang Tyre Auto Services (M) Sdn Bhd,Liew,160,1,10,,,,June 2025,June,WorkShop,Castrol,Cheras,Kuala Lumpur,"No. 1A, Jalan Pinggiran Minang 3, Taman Minang, Cheras 56000 Malaysia",https://share.google/BGjtDwUPGKbOwACQg,https://wa.me/60122913263,Y,60122913263,6012-2913 263,"[""Wiper"",""TPMS"",""Windshield Fluid""]",wix:image://v1/7bdb27_adbec41bc94a459ea80aa3326c137481~mv2.png/Wiper_TPMS_Fluid.png#originWidth=3160&originHeight=670,
10,We Power Tyre & Service Centre,Liew,,,3,,,,,June,WorkShop,Castrol,Seri Kembangan,Selangor,"No.2-1,Jalan Equine 10C, Taman Equine Seri Kembangan 43300 Malaysia",https://share.google/WzDaFZlpuHxFfB2AK,https://wa.me/60166308566,Y,60166308566,6016-6308 566,"[""TPMS""]",wix:image://v1/7bdb27_dfd7eacbc63c4dd3a1dbd713d55f4024~mv2.png/TPMS.png#originWidth=3160&originHeight=670,
11,Vogue Motorsports Sdn Bhd,Liew,,,,20,,,,June,Tyre Dealer ,Bridgestone,Subang Jaya,Selangor,"No. 19 , Jalan USJ 19/4, Subang Jaya 47630 Malaysia",https://share.google/AVCvKhn7pJeBVLTZl,https://wa.me/60123237713,Y,60123237713,6012-3237 713,"[""Valve""]",wix:image://v1/7bdb27_110173656c8c4335aecf23f4833f5b9f~mv2.png/Valve.png#originWidth=3160&originHeight=670,
12,Speed Line Tyres Services Centre Sdn Bhd,Liew,,3,30,10,10,,Sept 2025,June,Tyre Dealer ,Falken,Petaling Jaya,Selangor,"47-1 & 47-2, Jalan PJU 5/9, Dataran Sunway Damansara Petaling Jaya 47810 Malaysia",https://share.google/XApKeawmuPoAI33jr,https://wa.me/60123883334,Y,60123883334,6012-3883 334,"[""Valve"",""Windshield Fluid"",""TPMS""]",wix:image://v1/7bdb27_52001d66d1ce40e2bdaf7ccb81b88ab1~mv2.png/Fluid_TPMS_Valve.png#originWidth=3160&originHeight=670,
13,VK Ben Auto Sdn Bhd,Liew,180,,,10,,,June 2025,June,WorkShop,Castrol,Subang Jaya,Selangor,"A1, Jalan SS 15 / 4 D, Subang Jaya 47500 Malaysia",https://share.google/zOkBfgSBRvaOTx1aL,https://wa.me/60178786123,Y,60178786123,6017-8786 123,"[""Wiper"",""Valve""]",wix:image://v1/7bdb27_2471275e9d3f4377995d5e5cd7bfb5c0~mv2.png/Wiper_Valve.png#originWidth=3160&originHeight=670,
14,Profix Auto Tyres Services Sdn Bhd,Liew,110,,,,,,June 2025,June,Tyre Dealer ,Tayaria,Sungai Buloh,Selangor,"Lot 2374, Jalan 1A/1, Bandar Baru Sungai Buloh, Sungai Buloh, Selangor 47000",https://share.google/7guxKXCieSxlOxGj0,https://wa.me/60123550350,Y,60123550350,6012-3550 350,"[""Wiper""]",wix:image://v1/7bdb27_5062baa20f3445619f68013df5fd93f8~mv2.png/Wiper%20(1).png#originWidth=3160&originHeight=670,
15,CNN Tyre & Services Sdn Bhd,Alan,,,1,10,1,,,June,Tyre Dealer ,Hoe Guan,Subang Jaya,Selangor,"No.67,Jalan Nilam 1/2, Subang Hi-Tech Industrial Park, Subang Jaya 47500 Malaysia",https://g.co/kgs/YkPWtTg,https://wa.me/60162943515,Y,60162943515,6016-2943 515,"[""Valve"",""TPMS"",""Inflator""]",wix:image://v1/7bdb27_de65c53941324ae5b176377f35839719~mv2.png/Valve_TPMS_Inflator.png#originWidth=3160&originHeight=670,
16,Fastfit Motorsports Sdn Bhd (Semenyih),Alan,,,10,10,,,Nov 2025,June,Tyre Dealer ,Own Signage,Semenyih,Selangor,"No 1-5 Jalan Seri Mawar 1, Taman Seri Mawar, Semenyih, Selangor 43500",https://g.co/kgs/uwov6qY,https://wa.me/60177135599,Y,60177135599,6017-7135 599,"[""TPMS"",""Valve""]",wix:image://v1/7bdb27_0826bdb078cf4b099cb33b810ff324fc~mv2.png/TPMS_Valve.png#originWidth=3160&originHeight=670,
17,Hexagold Sdn Bhd,Alan,100,,10,10,1,,June 2025,June,Tyre Dealer ,Shell,Puchong,Selangor,"No.31 ,Jalan Puteri 5/3, Bandar Puteri Puchong, Puchong 47100 Malaysia",https://g.co/kgs/3w2KnpL,https://wa.me/60126623835,March26,60126623835,6012-6623 835,"[""Wiper"",""Valve"",""TPMS"",""Inflator""]",wix:image://v1/7bdb27_d1f473556a5f474595368a571cdd0475~mv2.png/Wiper_Valve_TPMS_Inflator.png#originWidth=3160&originHeight=670,
18,Shah Alam Tyres & Auto Accessories Sdn Bhd,Alan,100,,1,10,1,1,June 2025,June,Tyreplus,Tyreplus,Shah Alam,Selangor,"LOT 53,Jalan Utas 15/7, SEC 15, Shah Alam 40000 Malaysia",https://g.co/kgs/wQKT7oK,https://wa.me/60122351700,Y,60122351700,6012-2351 700,"[""Wiper"",""Valve"",""TPMS"",""Inflator"",""Tyre Repair Kit""]",wix:image://v1/7bdb27_83373460f4c6434b9da7cf5f395080a7~mv2.png/Wiper%20+%20TPMS%20+%20Valve%20+%20Inflator%20+%20Repair%20Kit.png#originWidth=3160&originHeight=670,
19,OS One Tyre Sdn Bhd,Liew,,1,1,2,1,,,June,Tyre Dealer ,Tayaria,Shah Alam,Selangor,"No. 3,Jalan Perapat 27/95, Taman Alam Megah, Seksyen 27, Shah Alam 40400 Malaysia",https://share.google/2PM3vnA2HdZVnb705,https://wa.me/60124381213,Y,60124381213,6012-4381 213,"[""Windshield Fluid"",""TPMS"",""Valve"",""Inflator""]",wix:image://v1/7bdb27_8db0706580074a10b165de0a4ba2dcd7~mv2.png/Fluid_TPMS_Valve_Inflator.png#originWidth=3160&originHeight=670,
20,VPG Motorsport Sdn Bhd,Liew,2,,1,,,,,June,WorkShop,Own Signage,Shah Alam,Selangor,"41, Jalan Serendah 26/39, Hicom Industrial Estate, Shah Alam 40400 Malaysia",https://share.google/mMYAqSj2I37NgRXUT,https://wa.me/60127106230,Y,60127106230,6012-7106 230,"[""Wiper"",""TPMS""]",wix:image://v1/7bdb27_9385d029c21f4d89bc42f3f8938cf3b6~mv2.png/Wiper_TPMS.png#originWidth=3160&originHeight=670,
21,Tong Mang Tyre Auto (M) Sdn Bhd,Alan,20,,,3,,,,June,Tyre Dealer ,Yokohama,Kepong,Kuala Lumpur,"2, Jalan Metro Perdana 8 Taman Usahawan Kepong Kuala Lumpur 52100 Malaysia",https://g.co/kgs/SLQ4ioq,https://wa.me/60176596108,Y,60176596108,6017-6596 108,"[""Wiper"",""Valve""]",wix:image://v1/7bdb27_2471275e9d3f4377995d5e5cd7bfb5c0~mv2.png/Wiper_Valve.png#originWidth=3160&originHeight=670,
22,Chuan Auto Tyre Service,Alan,,1,,10,,,,June,Tyre Dealer ,Eneos,Puchong,Selangor,No:35 Jalan Bandar 18 Pusat Bandar Puchong Puchong 47100 Malaysia,https://g.co/kgs/hp3Tktc,https://wa.me/60123819889,Y,60123819889,6012-3819 889,"[""Valve"",""Windshield Fluid""]",wix:image://v1/7bdb27_b3567b2abb41486ba3f81a7665952faa~mv2.png/Valve_Fluid.png#originWidth=3160&originHeight=670,
23,EC Care Auto Service Sdn Bhd,Alan,,,,10,,,,June,Tyre Dealer ,Total,Kepong,Kuala Lumpur,"69, Jalan Metro Perdana Timur 7 Kepong Entreprenurs Park Kuala Lumpur 52100 Malaysia",https://g.co/kgs/Mn2jqDd,https://wa.me/60124008802,Y,60124008802,6012-4008 802,"[""Wiper"",""Valve""]",wix:image://v1/7bdb27_2471275e9d3f4377995d5e5cd7bfb5c0~mv2.png/Wiper_Valve.png#originWidth=3160&originHeight=670,
24,WX Tyre & Auto Service Centre,Alan,55,,1,10,,,June 2025,June,Tyre Dealer ,Dunlop,Puchong,Selangor,"No.36,Jalan PP2/1, Taman Putra Prima Puchong 47100 Malaysia",https://g.co/kgs/TWAB9Ra,https://wa.me/60122893604,Y,60122893604,6012-2893 604,"[""Wiper"",""Valve"",""TPMS""]",wix:image://v1/7bdb27_286ffd9af8bd4a7c88402a0d76abefd7~mv2.png/Wiper_Valve_TPMS.png#originWidth=3160&originHeight=670,
25,Wan Henz Corporation Sdn Bhd,Alan,,,1,10,1,1,Jan 2026,June,Tyre Dealer ,Continental,Bangi,Selangor,"No.2, Jalan 4/11B, Jenis Kejora, Seksyen 4, Bandar Baru Bangi, Bandar Baru Bangi 43650 Malaysia",https://g.co/kgs/A1b6axn,https://wa.me/60193887211,Y,60193887211,6019-3887 211,"[""TPMS"",""Valve"",""Inflator"",""Tyre Repair Kit""]",wix:image://v1/7bdb27_a72bc59396cd4f9f8b337e098d9e8251~mv2.png/TPMS%20+%20Valve%20+%20Inflator%20+%20Repair%20Kit.png#originWidth=3160&originHeight=670,
26,Ah Man Tyre Service Centre Sdn Bhd,Liew,,2,,20,,,,June,Tyre Dealer ,Toyo,Puchong,Selangor,"No, 39-G, Jalan BK5A/2, Bandar Kinrara, Puchong 47180 Malaysia",https://share.google/ss09H6E5UF8ivdpNn,https://wa.me/60102257657,Y,60102257657,6010-2257 657,"[""Valve"",""Windshield Fluid""]",wix:image://v1/7bdb27_b3567b2abb41486ba3f81a7665952faa~mv2.png/Valve_Fluid.png#originWidth=3160&originHeight=670,
27,Meng Tyre Specialist Service,Liew,148,1,,2,,,Aug 2025,June,Tyre Dealer ,Own Signage,Seri Kembangan,Selangor,"No. 1-1, Jalan Equine 10D, Taman Equine, Seri Kembangan 43300 Malaysia",https://share.google/1LByT7GGZDpoyOwrB,https://wa.me/60173328386,Y,60173328386,6017-3328 386,"[""Wiper"",""Valve"",""Windshield Fluid""]",wix:image://v1/7bdb27_85daa6f70978496982fa00e506b4c965~mv2.png/Wiper_Valve_Fluid.png#originWidth=3160&originHeight=670,
28,Cedes & Carriage Garage Sdn Bhd,Alan,,,,10,,,,July,Tyreplus,Tyreplus,Setapak,Kuala Lumpur,"64-66, Jalan 2/23a, Taman Danau Kota, 53300 Kuala Lumpur, Wilayah Persekutuan Kuala Lumpur",https://g.co/kgs/JV8mzrL,https://wa.me/60137862862,Y,60137862862,6013-7862 862,"[""Valve""]",wix:image://v1/7bdb27_110173656c8c4335aecf23f4833f5b9f~mv2.png/Valve.png#originWidth=3160&originHeight=670,
29,Aso Tyre Service Centre (M) Sdn Bhd,Alan,110,,,,,,July 2025,July,Tyre Dealer ,Own Signage,Kuala Lumpur,Kuala Lumpur,"344, Jln Kampung Bandar Dalam, Kampung Bandar Dalam, Kuala Lumpur 51000 Malaysia",https://g.co/kgs/7JvZb4y,https://wa.me/60166209209,Y,60166209209,6016-6209 209,"[""Wiper""]",wix:image://v1/7bdb27_5062baa20f3445619f68013df5fd93f8~mv2.png/Wiper%20(1).png#originWidth=3160&originHeight=670,
30,Majestic Auto Car Care Service Sdn Bhd,Alan,50,1,1,2,,,Oct 2025,July,Tyre Dealer ,Nexen,Semenyih,Selangor,"No. 9 Vista Valley 1, Vista Valley, Semenyih 43500 Malaysia",https://g.co/kgs/vCQ7Wmi,https://wa.me/60102105812,Y,60102105812,6010-2105 812,"[""Wiper"",""Valve"",""TPMS"",""Windshield Fluid""]",wix:image://v1/7bdb27_89a864c7b6a44733a876e11d2ac27d80~mv2.png/Wiper_TPMS_Valve_Fluid.png#originWidth=3160&originHeight=670,
31,Empire Auto Car Care Sdn Bhd,Alan,150,1,,20,,2,July 2025,July,MEC,MEC,Semenyih,Selangor,"No. 70,Jalan TPS 1/7, Taman Pelangi Semenyih, Semenyih 43500 Malaysia",https://g.co/kgs/AU2q1eR,https://wa.me/60182218830,Y,60182218830,6018-2218 830,"[""Wiper"",""Valve"",""Windshield Fluid"",""Tyre Repair Kit""]",wix:image://v1/7bdb27_583bdbcbefb64543b99bbfee3d5a661e~mv2.png/Wiper%20+%20Valve%20+%20Fluid%20+%20Repair%20Kit.png#originWidth=3160&originHeight=670,
32,TT Star Tyres & Auto Service,Alan,150,1,,,,,July 2025,July,Tyre Dealer ,Own Signage,Batu Cave,Selangor,"No 13, Lorong Perusahaan Ringan 1, Kawasan Perusahaan Sesama, Batu Caves 68100 Malaysia",https://g.co/kgs/TsYi9pF,https://wa.me/60162190626,Y,60162190626,6016-2190 626,"[""Wiper"",""Windshield Fluid""]",wix:image://v1/7bdb27_05272b9d3809453486611a3514e423fd~mv2.png/Wiper_Fluid.png#originWidth=3160&originHeight=670,
33,CM Tyre Autocare,Liew,123,,,10,,,Oct 2025,July,Tyre Dealer ,Goodyear,Ampang,Selangor,"29G, Jln Wawasan 4/3, Bandar Baru Ampang, 68000 Ampang, Selangor",https://share.google/xafgO0KK21c7fWwKh,https://wa.me/60192008838,Y,60192008838,6019-2008 838,"[""Wiper"",""Valve""]",wix:image://v1/7bdb27_2471275e9d3f4377995d5e5cd7bfb5c0~mv2.png/Wiper_Valve.png#originWidth=3160&originHeight=670,
34,T align Sdn Bhd,Alan,,,,10,,,,July,MEC,MEC,Subang Jaya,Selangor,"1, Jalan PJS 7/17, Bandar Sunway, 46150 Subang Jaya, Selangor",https://share.google/HvSpWjgJeXNBqreWV,https://wa.me/60162102123,Y2,60162102123,6016-2102 123,"[""Valve""]",wix:image://v1/7bdb27_110173656c8c4335aecf23f4833f5b9f~mv2.png/Valve.png#originWidth=3160&originHeight=670,
35,New SPL Auto Centre Sdn Bhd,Liew,,,,10,,,,July,Tyre Dealer ,Toyo,Puchong,Selangor,"29, Jalan Helang 13, Bandar Puchong Jaya, 47100 Puchong, Selangor",https://share.google/LC4A7Z7iO7TfZxYO5,https://wa.me/60162143141,Y,60162143141,6016-2143 141,"[""Valve""]",wix:image://v1/7bdb27_110173656c8c4335aecf23f4833f5b9f~mv2.png/Valve.png#originWidth=3160&originHeight=670,
36,One Stop Auto Accessories & Aircond Centre,Alan,114,1,1,4,4,,July 2025,July,Tyre Dealer ,Tayaria,Ampang,Selangor,"Lot 1245, 2, Jln Ulu Klang, Kampung Berembang, 68000 Ampang, Selangor",https://share.google/z7fU66Hg3NI6vsOdc,https://wa.me/60123900009,Y2,60123900009,6012-3900 009,"[""Inflator"",""TPMS"",""Valve"",""Windshield Fluid"",""Wiper""]",wix:image://v1/7bdb27_0efcdfe4a1914e57983a868e8f93d24b~mv2.png/All.png#originWidth=3160&originHeight=670,
37,Wheelfire Sdn Bhd,Liew,,,,70,,,Mar'2026,July,Tyre Dealer ,Hankook,Klang,Selangor,"Lot 7419SRM, 1, Pandamaran, 42000 Pelabuhan Klang, Selangor",https://share.google/kbO7osbNTo8l6MCLe,https://wa.me/60162034233,Y,60162034233,6016-2034 233,"[""Valve""]",wix:image://v1/7bdb27_110173656c8c4335aecf23f4833f5b9f~mv2.png/Valve.png#originWidth=3160&originHeight=670,
38,GM Wheel Auto Sdn Bhd,Liew,150,1,1,1,1,1,Jan 2026,July,Tyre Dealer ,Fortune,Shah Alam,Selangor,"21, Jalan Penyelenggara U1/73, Hicom-glenmarie Industrial Park, 40150 Shah Alam, Selangor",https://share.google/NMXFhii8wWjHyqzVp,https://wa.me/601139030187,March26,601139030187,6011-3903 187,"[""Inflator"",""TPMS"",""Valve"",""Windshield Fluid"",""Wiper"",""Tyre Repair Kit""]",wix:image://v1/7bdb27_98a6de79cd334bb1a160b1de0917d976~mv2.png/Full%20Range.png#originWidth=3560&originHeight=670,
39,D'Performance Services Sdn Bhd,Liew,92,,,,,,Dec 2025,July,Tyre Dealer ,Yokohama,Ampang,Kuala Lumpur,"No.11, Jalan Excella 1 Taman, Ampang Hilir, 55100 Ampang, Wilayah Persekutuan Kuala Lumpur",https://share.google/cAgeeigh1KXlAzkJ0,https://wa.me/60122182008,Y,60122182008,6012-2182 008,"[""Wiper""]",wix:image://v1/7bdb27_5062baa20f3445619f68013df5fd93f8~mv2.png/Wiper%20(1).png#originWidth=3160&originHeight=670,
40,Ah Man Tyre Auto Service Sdn Bhd,Liew,190,,,,,,July 2025,July,Tyre Dealer ,Toyo,Bangi,Selangor,"No. 153, 155, Jalan 8/1, Seksyen 8, 43650 Bandar Baru Bangi, Selangor",https://share.google/YNtAxaPT6mf9RoqTQ,https://wa.me/60123119175,Y,60123119175,6012-3119 175,"[""Wiper""]",wix:image://v1/7bdb27_5062baa20f3445619f68013df5fd93f8~mv2.png/Wiper%20(1).png#originWidth=3160&originHeight=670,
41,Pang Tyre & Services Sdn Bhd,Alan,,,,10,,,Nov 2025,July,Tyre Dealer ,Own Signage,Bangi,Selangor,"21G, Jalan 7/7c, Seksyen 7 Bandar Baru Bangi, 43650 Bandar Baru Bangi, Selangor",https://share.google/VwKd7Ap7B4cOuZAj8,https://wa.me/60126575590,Y2,60126575590,6012-6575 590,"[""Valve""]",wix:image://v1/7bdb27_110173656c8c4335aecf23f4833f5b9f~mv2.png/Valve.png#originWidth=3160&originHeight=670,
42,JY Confidence Tyre & Car Service Sdn Bhd,Liew,,,1,,,,,July,WorkShop,Own Signage,Puchong,Selangor,"No. 70-1, Jalan PP 16/2,Perdana Industrian Park, Taman Putra Perdana,47100 Puchong, Selangor",https://share.google/34rbRgXquRFkBF5rl,https://wa.me/60127166585,Y,60127166585,6012-7166 585,"[""TPMS""]",wix:image://v1/7bdb27_dfd7eacbc63c4dd3a1dbd713d55f4024~mv2.png/TPMS.png#originWidth=3160&originHeight=670,
43,Soon Hing Tyre Car Care Service Centre,Liew,,,2,,,,,July,Tyre Dealer ,Own Signage,Petaling Jaya,Selangor,"No.22, Jalan SS3/33, Taman Universiti, 47300 Petaling Jaya, Selangor",https://share.google/CHL6vDF9UZ32CT4OE,https://wa.me/60126958347,Y,60126958347,6012-6958 347,"[""TPMS""]",wix:image://v1/7bdb27_dfd7eacbc63c4dd3a1dbd713d55f4024~mv2.png/TPMS.png#originWidth=3160&originHeight=670,
44,Eco Tyre Autocare Sdn Bhd,Alan,,,,5,,,,July,Tyre Dealer ,Shell,Shah Alam ,Selangor,"11, Jalan Penyelenggara U1/73, Hicom-glenmarie Industrial Park, 40150 Shah Alam, Selangor",https://share.google/jKjBwZWz4fPUshhgz,https://wa.me/60166898808,Y2,60166898808,6016-6898 808,"[""Valve""]",wix:image://v1/7bdb27_110173656c8c4335aecf23f4833f5b9f~mv2.png/Valve.png#originWidth=3160&originHeight=670,
45,T-Tyre & Auto Services (S.2) Sdn Bhd,Alan,,,,,1,,,July,Tyre Dealer ,Continental,Shah Alam ,Selangor,"No.1, Jln Apollo U5/186, Bdr Pinggiran Subang, Seksyen 1, 40150 Shah Alam, Selangor",https://share.google/RFJbsV6gUSfgUNqPr,https://wa.me/60126851888,Y2,60126851888,6012-6851 888,"[""Inflator""]",wix:image://v1/7bdb27_75598b88d9e2472c8078978540e07af1~mv2.png/Inflator.png#originWidth=3160&originHeight=670,
46,TH Two Tyres & Auto Services,Liew,173,2,,,,,July 2025,July,Tyre Dealer ,Bridgestone,Desa Petaling,Kuala Lumpur,"No. 3, Jalan 10/125D, Taman Desa Petaling, Desa Petaling, 57100 Kuala Lumpur",https://share.google/6OvjEomp4kZCHUpco,https://wa.me/60122102132,Y,60122102132,6012-2102 132,"[""Wiper"",""Windshield Fluid""]",wix:image://v1/7bdb27_05272b9d3809453486611a3514e423fd~mv2.png/Wiper_Fluid.png#originWidth=3160&originHeight=670,
47,My Tyre Centre Sdn Bhd,Alan,18,,,3,10,,Nov 2025,July,MEC,MEC,Petaling Jaya,Selangor,"40 & 42 Jalan SS 21/62 Damansara Utama Petaling Jaya, 47400 Selangor",https://share.google/u0lBrKo6ws7kSrJNR,https://wa.me/60122322092,March26,60122322092,6012-2322 092,"[""Wiper"",""Valve"",""Inflator""]",wix:image://v1/7bdb27_2c9927241cd34adebf17d812b49f8d5c~mv2.png/Wiper_Valve_Inflator.png#originWidth=3160&originHeight=670,
48,Mine Auto and Tyre Services Sdn. Bhd.,Alan,,,1,,1,,Jan 2026,July,Tyre Dealer ,Continental,Kajang,Selangor,"F-1-GA, Jalan Prima Saujana 2/D, Taman Prima Saujana, 43200 Kajang, Selangor",https://share.google/qHsffSonJN6nTuSGQ,https://wa.me/60126718559,Y2,60126718559,6012-6718 559,"[""Inflator"",""TPMS""]",wix:image://v1/7bdb27_48e4226c63bc44e69c28f6b5d0ef1626~mv2.png/TPMS_Inflator.png#originWidth=3160&originHeight=670,
49,Advance Autocare Services Sdn Bhd,Alan,102,,,2,2,,July 2025,July,Tyre Dealer ,Havoline,Kuala Lumpur,Kuala Lumpur,"19, Jalan 8/23a, Off, Jalan Genting Kelang, Medan Makmur, 53300 Kuala Lumpur",https://share.google/ziecvbe6sHXPhohjl,https://wa.me/60126256665,March26,60126256665,6012-6256 665,"[""Wiper"",""Valve"",""Inflator""]",wix:image://v1/7bdb27_2c9927241cd34adebf17d812b49f8d5c~mv2.png/Wiper_Valve_Inflator.png#originWidth=3160&originHeight=670,X
50,Idola Jaya Sdn Bhd,Alan,,,,10,,,,July,Tyre Dealer ,Goodyear,Kajang,Selangor,"No 23 , Laman Perniagaan Bahagia , Jalan 1 , Bandar Seri Putra , Kajang, 43000 Selangor, Selangor",https://share.google/CAsGwWqkTaQC0cY3J,https://wa.me/60162617737,Y2,60162617737,6016-2617 737,"[""Valve""]",wix:image://v1/7bdb27_110173656c8c4335aecf23f4833f5b9f~mv2.png/Valve.png#originWidth=3160&originHeight=670,
51,Kong Car Care Sdn Bhd,Alan,,,,,2,,,July,Tyre Dealer ,Goodyear,Kajang,Selangor,"Lot 1357, Batu 16, Jalan Semenyih, Kawasan Perniagaan Nilam, 43000 Kajang, Selangor",https://share.google/72JknfuSauR4SsmJr,https://wa.me/60162233220,Y2,60162233220,6016-2233 220,"[""Inflator""]",wix:image://v1/7bdb27_75598b88d9e2472c8078978540e07af1~mv2.png/Inflator.png#originWidth=3160&originHeight=670,
,Silicon Sales & Marketing Sdn Bhd,Alan,,,10,10,,10,July 2025,July,,,,,,,,,,,"[""Valve"",""TPMS"",""Inflator""]",wix:image://v1/7bdb27_de65c53941324ae5b176377f35839719~mv2.png/Valve_TPMS_Inflator.png#originWidth=3160&originHeight=670,
52,Silicon Auto (Alam Jaya) Sdn Bhd,Alan,,,1,1,,1,,,Tyre Dealer ,Goodyear,Cheras,Selangor,"No. 1, Jalan Emas 6, Taman Emas, Batu 8 ½ Cheras, 43200 Cheras, Selangor",https://share.google/J2QFvgSwDQPJNVKre,https://wa.me/60162177183,Y2,60162177183,6016-2177 183,"[""Valve"",""TPMS"",""Tyre Repair Kit""]",wix:image://v1/7bdb27_db19afea413746e8a69e4cc674ecca06~mv2.png/TPMS%20+%20Valve%20+%20Repair%20Kit.png#originWidth=3160&originHeight=670,
53,Silicon Auto (Bangi) Sdn Bhd,Alan,,,1,1,,1,,,Tyre Dealer ,Goodyear,Bangi,Selangor,"No. 49, Jalan 8/1, Seksyen 8, 43650 Bandar Baru Bangi, Selangor.",https://share.google/KenseV9TdCvF3p9aw,https://wa.me/60162177184,Y2,60162177184,6016-2177 184,"[""Valve"",""TPMS"",""Tyre Repair Kit""]",wix:image://v1/7bdb27_db19afea413746e8a69e4cc674ecca06~mv2.png/TPMS%20+%20Valve%20+%20Repair%20Kit.png#originWidth=3160&originHeight=670,
54,Silicon Auto (Kajang) Sdn Bhd,Alan,,,1,1,,1,,,Tyre Dealer ,Goodyear,Kajang,Selangor,"No. 15, Jalan Putra 5, Taman Putra Kajang, 43000 Kajang, Selangor.",https://share.google/k49eRyM0lEJcf2g7M,https://wa.me/60102882177,Y2,60102882177,6010-2882 177,"[""Valve"",""TPMS"",""Tyre Repair Kit""]",wix:image://v1/7bdb27_db19afea413746e8a69e4cc674ecca06~mv2.png/TPMS%20+%20Valve%20+%20Repair%20Kit.png#originWidth=3160&originHeight=670,
55,Silicon Auto (Len Sen) Sdn Bhd,Alan,,,1,1,,1,,,Tyre Dealer ,Goodyear,Kuala Lumpur,Kuala Lumpur,"No. 95G, Jalan 1/154, Taman Bukit Anggerik, 56000 Kuala Lumpur, Wilayah Persekutuan Kuala Lumpur.",https://share.google/6AswC3rnmu5F4UU5a,https://wa.me/60162177186,Y2,60162177186,6016-2177 186,"[""Valve"",""TPMS"",""Tyre Repair Kit""]",wix:image://v1/7bdb27_db19afea413746e8a69e4cc674ecca06~mv2.png/TPMS%20+%20Valve%20+%20Repair%20Kit.png#originWidth=3160&originHeight=670,
56,Silicon Auto (Semenyih) Sdn Bhd,Alan,,,1,1,,1,,,Tyre Dealer ,Continental,Semenyih,Selangor,"No. 48-G, Jalan TPS 1/4, Taman Pelangi Semenyih, 43500 Semenyih, Selangor.",https://share.google/oU7MoSj7vP8GlFI8O,https://wa.me/60162281556,Y2,60162281556,6016-2281 556,"[""Valve"",""TPMS"",""Tyre Repair Kit""]",wix:image://v1/7bdb27_db19afea413746e8a69e4cc674ecca06~mv2.png/TPMS%20+%20Valve%20+%20Repair%20Kit.png#originWidth=3160&originHeight=670,
57,Silicon Auto (SK) Sdn Bhd,Alan,,,1,1,,1,,,Tyre Dealer ,Viking,Seri Kembangan,Selangor,"No. 7,9,11, Jalan DD 3A/1, Taman Dato Demang, 43300 Seri Kembangan, Selangor.",https://share.google/5MXoaUDfcC8eNks3l,https://wa.me/60162101970,Y2,60162101970,6016-2101 970,"[""Valve"",""TPMS"",""Tyre Repair Kit""]",wix:image://v1/7bdb27_db19afea413746e8a69e4cc674ecca06~mv2.png/TPMS%20+%20Valve%20+%20Repair%20Kit.png#originWidth=3160&originHeight=670,
58,Sp Lim Autocare Sdn Bhd,Alan,62,,,5,1,,Sept 2025,July,Tyre Dealer ,Goodyear,Kuala Lumpur,Kuala Lumpur,"2, Jalan Au 1A/4A, Taman Keramat Permai, 54200 Kuala Lumpur",https://share.google/A3yiO6b7Zc8W1GzWD,https://wa.me/60122714253,Y2,60122714253,6012-2714 253,"[""Wiper"",""Valve"",""Inflator""]",wix:image://v1/7bdb27_2c9927241cd34adebf17d812b49f8d5c~mv2.png/Wiper_Valve_Inflator.png#originWidth=3160&originHeight=670,
59,BS Tyre Auto Services PLT,Alan,,,1,10,,,,July,Tyre Dealer ,Own Signage,Kuala Lumpur,Kuala Lumpur,"3, Jalan Sinar Sentul 1, Sentul, 51000 Kuala Lumpur, Federal Territory of Kuala Lumpur",https://share.google/mElUODuK11gDuyYvF,https://wa.me/60126227901,Y2,60126227901,6012-6227 901,"[""TPMS"",""Valve""]",wix:image://v1/7bdb27_0826bdb078cf4b099cb33b810ff324fc~mv2.png/TPMS_Valve.png#originWidth=3160&originHeight=670,
60,Jie Sheng Auto Tyre Services,Liew,59,2,,5,,,Nov 2025,July,Tyre Dealer ,Tayaria,Dengkil,Selangor,"1E&1E-1, Jalan Bintang Mas, Taman Bintang, 43800 Dengkil, Selangor",https://share.google/tNauD36pIBTtYyqWh,https://wa.me/60192829323,Y,60192829323,6019-2829 323,"[""Wiper"",""Valve"",""Windshield Fluid""]",wix:image://v1/7bdb27_cdab8060312541c5ad79453b3dffd150~mv2.png/Wiper_Valve_Fluid.png#originWidth=3160&originHeight=670,
61,SKG Tyre Autocare (KL) Sdn Bhd,Liew,,,,,,2,,July,Tyre Dealer ,Lassa,Kuchai,Kuala Lumpur,"KA3-1, 1, Jalan Kuchai Maju 13, Kuchai Avenue, 58200 Kuala Lumpur, Wilayah Persekutuan Kuala Lumpur",https://share.google/wRrpkRBq4Ef2KVbRo,https://wa.me/60164221026,Y,60164221026,6016-4221 026,"[""Tyre Repair Kit""]",wix:image://v1/7bdb27_178df6e19bfa4a93b9de3a436206cdc7~mv2.png/Repair%20Kit.png#originWidth=3160&originHeight=670,
62,GT Tyre & Auto Service Centre,Liew,8,,,,,,,July,Tyre Dealer ,Dunlop,Ampang,Kuala Lumpur,"2G, Jalan Pandan 3/2, Pandan Jaya, 55100 Ampang, Wilayah Persekutuan Kuala Lumpur",https://share.google/9REhZsNDijpvut4z0,https://wa.me/60104288210,Y,60104288210,6010-4288 210,"[""Wiper""]",wix:image://v1/7bdb27_5062baa20f3445619f68013df5fd93f8~mv2.png/Wiper%20(1).png#originWidth=3160&originHeight=670,
63,UR Sport Rim Tyre And Car Service Centre Sdn Bhd,Liew,150,,,,,,Jan 2026,July,Tyre Dealer ,Own Signage,Seri Kembangan,Selangor,"1, Jalan Bpp 8/1, Pusat Bandar Putra Permai, 43300 Seri Kembangan, Selangor",https://share.google/p9abc28QjcQWZ7CfI,https://wa.me/60182663779,Y,60182663779,6018-2663 779,"[""Wiper""]",wix:image://v1/7bdb27_5062baa20f3445619f68013df5fd93f8~mv2.png/Wiper%20(1).png#originWidth=3160&originHeight=670,
64,WH Bersatu Sdn Bhd,Alan,,,1,10,2,1,Dec 2025,July,Tyreplus,Tyreplus,Semenyih,Selangor,"2, Jalan Tps 1/7, Taman Pelangi Semenyih, 43500 Semenyih, Selangor",https://share.google/L3nPy8p9DWOAq5FEI,https://wa.me/60122903692,Y2,60122903692,6012-2903 692,"[""TPMS"",""Valve"",""Inflator"",""Tyre Repair Kit""]",wix:image://v1/7bdb27_a72bc59396cd4f9f8b337e098d9e8251~mv2.png/TPMS%20+%20Valve%20+%20Inflator%20+%20Repair%20Kit.png#originWidth=3160&originHeight=670,
65,TKS Service Provider Trading,Alan,,,1,2,1,1,,July,Tyre Dealer ,Bosch,Kajang,Selangor,"Lot 11574, Batu 13 Jalan Cheras Kajang, 43000 Kajang, Selangor",https://share.google/xRJIwMjo8586VTk1r,https://wa.me/60166051177,Y2,60166051177,6016-6051 177,"[""TPMS"",""Valve"",""Inflator"",""Tyre Repair Kit""]",wix:image://v1/7bdb27_a72bc59396cd4f9f8b337e098d9e8251~mv2.png/TPMS%20+%20Valve%20+%20Inflator%20+%20Repair%20Kit.png#originWidth=3160&originHeight=670,
66,Tai Soon Tyre Service Centre,Alan,22,,,10,2,,,July,Tyre Dealer ,Hankook,Kuala Lumpur,Kuala Lumpur,"109, 110, Jln Silang, Kepong, 52100 Kuala Lumpur, Federal Territory of Kuala Lumpur",https://share.google/tefsyTk0aUgy4FYMu,https://wa.me/60123111048,Y2,60123111048,6012-3111 048,"[""Wiper"",""Valve"",""Inflator""]",wix:image://v1/7bdb27_2c9927241cd34adebf17d812b49f8d5c~mv2.png/Wiper_Valve_Inflator.png#originWidth=3160&originHeight=670,
67,Yip Brothers Tyre & Auto Car Works Sdn Bhd,Alan,,,,1,,1,,July,Tyre Dealer ,Toyo,Klang,Selangor,"LOT NO.6671 A-1, Jalan Dato Mohd Sidin,40460 Klang Selangor",https://share.google/dxcwAhwQR9dfgzuLd,https://wa.me/60126787985,Y2,60126787985,6012-6787 985,"[""Valve"",""Tyre Repair Kit""]",wix:image://v1/7bdb27_2dfa877668cc4254a14ad1c2fb2b34f7~mv2.png/Valve%20+%20Repair%20Kit.png#originWidth=3160&originHeight=670,
68,Teoh Brothers Tyre Services Sdn Bhd (Sentosa),Alan,,,,10,,,,August,Tyre Dealer ,Hankook,Klang,Selangor,"NO:2 ,Jalan Bendahara 2,Sri Sentosa Commercial Centre, 41200 Klang Selangor",https://share.google/s2JBtF8NV8DcrQbMk,https://wa.me/60176088888,Y3,60176088888,6017-6088 888,"[""Valve""]",wix:image://v1/7bdb27_110173656c8c4335aecf23f4833f5b9f~mv2.png/Valve.png#originWidth=3160&originHeight=670,
69,C-Keong Tyres & Service Sdn Bhd,Liew,171,,,,,,Nov 2025,August,Tyre Dealer ,Tayaria,Kuchai,Kuala Lumpur,"32A & 36, Jalan Kuchai Maju 9, Kuchai Entrepreneurs Park, 58200 Kuala Lumpur, Wilayah Persekutuan Kuala Lumpur",https://share.google/0HJr0Ppgem6yenLMt,https://wa.me/60163333073,Y2,60163333073,6016-3333 073,"[""Wiper""]",wix:image://v1/7bdb27_5062baa20f3445619f68013df5fd93f8~mv2.png/Wiper%20(1).png#originWidth=3160&originHeight=670,
70,Champion Skill Autocare,Liew,20,1,,,,,,August,WorkShop,Castrol,Bangi,Selangor,"No 35 Ground Floor, Jalan Seksyen 7, Seksyen 7 Bandar Baru Bangi, 43650 Bandar Baru Bangi, Selangor",https://share.google/J8DGEK9guaoLrlYxD,https://wa.me/60162111710,Y2,60162111710,6016-2111 710,"[""Wiper"",""Windshield Fluid""]",wix:image://v1/7bdb27_05272b9d3809453486611a3514e423fd~mv2.png/Wiper_Fluid.png#originWidth=3160&originHeight=670,
71,Yew Chuan Tyre Auto Service (Seri Taming) Sdn Bhd,Liew,3,,3,,,,,August,Tyre Dealer ,Own Signage,Cheras,Selangor,"1. jalan seri taming 1g, batu 9, Taman Seri Taming, 43200 Cheras, Selangor",https://share.google/oEhJsmB1Jb7nG9iPT,https://wa.me/60126933766,Y2,60126933766,6012-6933 766,"[""Wiper"",""TPMS""]",wix:image://v1/7bdb27_9385d029c21f4d89bc42f3f8938cf3b6~mv2.png/Wiper_TPMS.png#originWidth=3160&originHeight=670,
72,Kean Tyre Solution Sdn Bhd,Alan,,,1,1,1,,Aug 2025,August,Tyre Dealer ,Yokohama,Kuala Lumpur,Kuala Lumpur,"No. 44&45, Kampung Batu, 51200 Kuala Lumpur, Wilayah Persekutuan Kuala Lumpur",https://share.google/tTAH0CsYMCm2LObHL,https://wa.me/60173651726,Y3,60173651726,6017-3651 726,"[""Valve"",""TPMS"",""Inflator""]",wix:image://v1/7bdb27_de65c53941324ae5b176377f35839719~mv2.png/Valve_TPMS_Inflator.png#originWidth=3160&originHeight=670,
73,T & C Advanced Auto Workshop,Alan,,,,2,1,,,August,Tyre Dealer ,Own Signage,Kota Damansara,Selangor,"No 23, Jalan Teknologi 3/6B, Taman Sains Selangor 1, Seksyen 3, Kota Damansara, 47810 Petaling Jaya, Selangor",https://share.google/bxhfqd0F5VDlzjup8,https://wa.me/60123551200,Y3,60123551200,6012-3551 200,"[""Valve"",""Inflator""]",wix:image://v1/7bdb27_64e28d7ca992473cbf1593c02064e14e~mv2.png/Valve_Inflator.png#originWidth=3160&originHeight=670,
74,Chong Ming & Brothers Car Service Sdn Bhd,Alan,,,1,2,2,,,August,Tyre Dealer ,Continental,Kuala Lumpur,Kuala Lumpur,"No. 2, Jalan Tembaga SD5/2B, Bandar Sri Damansara, 52000 Kuala Lumpur",https://share.google/J44hkewu21an7zfrz,https://wa.me/60163381688,Y3,60163381688,6016-3381 688,"[""Valve"",""TPMS"",""Inflator""]",wix:image://v1/7bdb27_de65c53941324ae5b176377f35839719~mv2.png/Valve_TPMS_Inflator.png#originWidth=3160&originHeight=670,
75,DMS Auto Garage,Alan,150,,,10,,,Aug 2025,August,Tyre Dealer ,Lubricant,Batu Caves,Selangor,"No. 33, Jalan SBC 8, Taman Seri Batu Caves,68100 Batu Caves Selangor",https://share.google/WZXgb8IhOSUeSHwSw,https://wa.me/60105573969,Y3,60105573969,6010-5573 969,"[""Wiper"",""Valve""]",wix:image://v1/7bdb27_2471275e9d3f4377995d5e5cd7bfb5c0~mv2.png/Wiper_Valve.png#originWidth=3160&originHeight=670,
76,T-Line Car Auto,Alan,,,,10,,,,August,Tyre Dealer ,Total,Kajang,Selangor,"Lot 600-8B, Jalan Kwantung 3,Kampung Kwantung Baru,, 43000 Kajang Selangor",https://share.google/Do4mkRsQarNvmcXAy,https://wa.me/60126397199,Y3,60126397199,6012-6397 199,"[""Valve""]",wix:image://v1/7bdb27_110173656c8c4335aecf23f4833f5b9f~mv2.png/Valve.png#originWidth=3160&originHeight=670,
77,DSS Auto Accessories Sdn Bhd,Alan,,,,20,,1,,August,Tyre Dealer ,Continental,Kajang,Selangor,"Lot 2 & 4, Jalan Jasmin 4,Taman Jasmin,43000 Kajang Selangor",https://share.google/Gv7WFvbBUbV9I6UHb,https://wa.me/60192798339,Y3,60192798339,6019-2798 339,"[""Valve"",""Tyre Repair Kit""]",wix:image://v1/7bdb27_2dfa877668cc4254a14ad1c2fb2b34f7~mv2.png/Valve%20+%20Repair%20Kit.png#originWidth=3160&originHeight=670,
78,TK Auto Car Service,Liew,22,,,,,,,August,WorkShop,Total,Shah Alam,Selangor,"48, Jalan Kemuning Prima E33/E, Seksyen 33, Kemuning Utama, 40400 Shah Alam, Selangor",https://share.google/sxsf99aXBjHeEmoOq,https://wa.me/60166092077,Y3,60166092077,6016-6092 077,"[""Wiper""]",wix:image://v1/7bdb27_5062baa20f3445619f68013df5fd93f8~mv2.png/Wiper%20(1).png#originWidth=3160&originHeight=670,
79,Bro Tyre Auto Service Centre,Alan,,,,10,,,,August,Tyre Dealer ,Own Signage,Kuala Lumpur,Kuala Lumpur,"No.22, Jln 3/4C,Desa Melawati, 53100 Kuala Lumpur",https://share.google/XMCi4IfBlasJtVzdy,https://wa.me/60106466664,Y3,60106466664,6010-6466 664,"[""Valve""]",wix:image://v1/7bdb27_110173656c8c4335aecf23f4833f5b9f~mv2.png/Valve.png#originWidth=3160&originHeight=670,
80,Titan Car Care Sdn Bhd,Alan,70,1,2,10,2,2,Aug 2025,August,Tyreplus,Tyreplus,Batu Caves,Selangor,"No 1, Lorong Perusahaan 1,Taman Kimpal Industri, 68100 Batu Caves Selangor",https://share.google/ZzMhq3q53usCbn0T8,https://wa.me/60174861252,Y3,60174861252,6017-4861 252,"[""Inflator"",""TPMS"",""Valve"",""Windshield Fluid"",""Wiper"",""Tyre Repair Kit""]",wix:image://v1/7bdb27_98a6de79cd334bb1a160b1de0917d976~mv2.png/Full%20Range.png#originWidth=3560&originHeight=670,
81,Merc Klasse Auto Care Sdn Bhd,Alan,,,2,,,,Sept 2025,August,Garage ,Liquid Moly,Petaling Jaya,Selangor,"No.1, Jalan SS 4D/2,Taman People Park,47301 Petaling Jaya Selangor",https://share.google/SeSGZ0dE7XtUE2HAD,https://wa.me/60123407373,Y3,60123407373,6012-3407 373,"[""TPMS""]",wix:image://v1/7bdb27_dfd7eacbc63c4dd3a1dbd713d55f4024~mv2.png/TPMS.png#originWidth=3160&originHeight=670,
82,TMK Motorsport Wheel & Tyre Service Sdn Bhd,Liew,,,,,,2,,August,Tyre Dealer ,Hankook,Petaling Jaya,Selangor,"5, Jalan PJS 11/1, Bandar Sunway, 47500 Petaling Jaya, Selangor",https://share.google/Ypi0Kb0BSjPlaUhQp,https://wa.me/60123441029,Y3,60123441029,6012-3441 029,"[""Tyre Repair Kit""]",wix:image://v1/7bdb27_178df6e19bfa4a93b9de3a436206cdc7~mv2.png/Repair%20Kit.png#originWidth=3160&originHeight=670,
83,TS Tyre Autocare Sdn Bhd - Puteri Puchong,Liew,,,20,,,,Aug 2025,August,Tyreplus,Continental,Puchong,Selangor,"Ground Floor, 23, Jalan Puteri 2/3, Bandar Puteri Puchong, 47100 Puchong, Selangor",https://share.google/gJETgClKUsc68lcT0,https://wa.me/60193022999,Y3,60193022999,6019-3022 999,"[""TPMS""]",wix:image://v1/7bdb27_dfd7eacbc63c4dd3a1dbd713d55f4024~mv2.png/TPMS.png#originWidth=3160&originHeight=670,
84,Ching Tyre Auto Service Centre Sdn Bhd,Liew,,,1,,,4,,August,Tyre Dealer ,Falken,Jalan Ipoh,Kuala Lumpur,"Unit 796, 4½ Miles, Jln Ipoh, 51200 Kuala Lumpur, Wilayah Persekutuan",https://share.google/0pMo15OYYzNQ2wAnq,https://wa.me/60146662309,Y3,60146662309,6014-6662 309,"[""TPMS"",""Tyre Repair Kit""]",wix:image://v1/7bdb27_546204fdf2214c82ae990e5cc8926d92~mv2.png/TPMS%20+%20Repair%20Kit.png#originWidth=3160&originHeight=670,
85,EM Tyre & Auto Care,Liew,,,,10,,,,August,Tyre Dealer ,Hankook,Cheras,Kuala Lumpur,"27G, Jln Bunga Melor, Taman Maju Jaya, 56100 Kuala Lumpur, Wilayah Persekutuan Kuala Lumpur",https://share.google/FsMJzjIZGJjZ4rtu6,https://wa.me/60162945985,Y3,60162945985,6016-2945 985,"[""Valve""]",wix:image://v1/7bdb27_110173656c8c4335aecf23f4833f5b9f~mv2.png/Valve.png#originWidth=3160&originHeight=670,
86,Ann Huat Auto Care Enterprise,Liew,,1,2,10,,,,August,Tyre Dealer ,Own Signage,Puncak Alam,Selangor,"pusat perdagangan hill park, 32, Jln Hillpark 11/5, bandar hillpark, 42300 Puncak Alam, Selangor",https://share.google/dzSuaY9y3OqAs6GZi,https://wa.me/60122420302,Y3,60122420302,6012-2420 302,"[""Valve"",""Windshield Fluid"",""TPMS""]",wix:image://v1/7bdb27_52001d66d1ce40e2bdaf7ccb81b88ab1~mv2.png/Fluid_TPMS_Valve.png#originWidth=3160&originHeight=670,
87,J Team Premium Car Care Sdn Bhd,Alan,,,,2,3,,,August,Garage ,Own Signage,Shah Alam,Selangor,"No.10, Jalan Anggerik Vanilla AD,31/AD Kota Kemuning,40450 Shah Alam Selangor",https://g.co/kgs/g3fTfN9,https://wa.me/60123316355,Y3,60123316355,6012-3316 355,"[""Valve"",""Inflator""]",wix:image://v1/7bdb27_64e28d7ca992473cbf1593c02064e14e~mv2.png/Valve_Inflator.png#originWidth=3160&originHeight=670,
88,YL Auto Services,Alan,,,,10,,,,August,Tyre Dealer ,Goodyear,Subang Jaya,Selangor,"No.16-G, Jalan Mahkota 7/5A,Seksyen 7, Putra Heights, Subang Jaya 47650 Selangor",https://g.co/kgs/s4TQ5c8,https://wa.me/60165466712,Y3,60165466712,6016-5466 712,"[""Valve""]",wix:image://v1/7bdb27_110173656c8c4335aecf23f4833f5b9f~mv2.png/Valve.png#originWidth=3160&originHeight=670,
89,Evolution Tyres Auto Service Sdn Bhd,Alan,,,1,,1,,,August,Tyre Dealer ,Tayaria,Kajang,Selangor,"Lot 1716-2,Sungai Long Batu 11,43000 Kajang Selangor",https://g.co/kgs/i4zKVQJ,https://wa.me/60162671522,Y3,60162671522,6016-2671 522,"[""Inflator"",""TPMS""]",wix:image://v1/7bdb27_48e4226c63bc44e69c28f6b5d0ef1626~mv2.png/TPMS_Inflator.png#originWidth=3160&originHeight=670,
90,Speed Q Automotive Service,Alan,,1,,2,,,,August,Tyre Dealer ,Momo Racing,Kajang,Selangor,"NO :2,Jalan Kajang Mewah 3,Taman Kajang Mewah , Sungai Chua 43000 Kajang Selangor",https://g.co/kgs/ugZf3NQ,https://wa.me/60126475638,Y3,60126475638,6012-6475 638,"[""Windshield Fluid"",""Valve""]",wix:image://v1/7bdb27_b3567b2abb41486ba3f81a7665952faa~mv2.png/Valve_Fluid.png#originWidth=3160&originHeight=670,
91,17 WD Motorsport Rim & Tyres ,Liew,,,1,,,,,August,Tyre Dealer ,Own Signage,Kuchai Lama,Kuala Lumpur,"A33, Jalan Tuanku 4 Taman Salak Selatan 57000 Kuala Lumpur, 57000 WP, Wilayah Persekutuan Kuala Lumpur",https://share.google/tVBDarTqFB6f4pWGs,https://wa.me/60108808139,March26,60108808139,6010-8808 139,"[""TPMS""]",wix:image://v1/7bdb27_dfd7eacbc63c4dd3a1dbd713d55f4024~mv2.png/TPMS.png#originWidth=3160&originHeight=670,X
92,Pusat Servis Kereta Soon Kenn,Liew,,,,10,,,,September,Tyre Dealer ,SilverStone,Seri Kembangan,Selangor,"10, Jalan 6/10, Kawasan Perindustrian Seri Kembangan, 43300 Seri Kembangan, Selangor",https://share.google/pGokI5zhJ9u29ac9v,https://wa.me/60193868066,Y3,60193868066,6019-3868 066,"[""Valve""]",wix:image://v1/7bdb27_110173656c8c4335aecf23f4833f5b9f~mv2.png/Valve.png#originWidth=3160&originHeight=670,
93,Hon Tyres & Auto Services,Liew,63,,,13,,,Mar'2026,September,Tyre Dealer ,Prinx,Rawang,Selangor,"1, Jalan SJ 1, Taman Setia Jaya, 48000 Rawang, Selangor",https://share.google/grJz9jkud8YA2pXmW,https://wa.me/60193936222,Y3,60193936222,6019-3936 222,"[""Wiper"",""Valve""]",wix:image://v1/7bdb27_2471275e9d3f4377995d5e5cd7bfb5c0~mv2.png/Wiper_Valve.png#originWidth=3160&originHeight=670,
94,Astar Tire & Service Centre,Alan,33,,1,2,2,,,September,Tyre Dealer ,Toyo,Puchong,Selangor,"No.33 Jalan BP 7/2,Bandar Bukit Puchong,47100 Puchong Selangor",https://share.google/tjWlr7SEcKLOMGOs3,https://wa.me/60128776638,March26,60128776638,6012-8776 638,"[""Wiper"",""Valve"",""TPMS"",""Inflator""]",wix:image://v1/7bdb27_d1f473556a5f474595368a571cdd0475~mv2.png/Wiper_Valve_TPMS_Inflator.png#originWidth=3160&originHeight=670,
95,JK Tyre Auto Services Sdn Bhd,Liew,,,,10,,,,September,Tyre Dealer ,Own Signage,Shah Alam,Selangor,"32A-G, Jalan Nautika B U20/B Pusat Komersial TSB, Sg. Buloh, 40160 Shah Alam, Selangor",https://share.google/wqxAqEVBGudEPz0eY,https://wa.me/60164119441,Y3,60164119441,6016-4119 441,"[""Valve""]",wix:image://v1/7bdb27_110173656c8c4335aecf23f4833f5b9f~mv2.png/Valve.png#originWidth=3160&originHeight=670,
96,T&W Pro Automotive Service Center,Liew,,,3,12,1,1,rm1800,September,WorkShop,Own Signage,Old Klang Rd,Kuala Lumpur,"55A, Jalan Desa Bakti, Taman Desa, 58100 Kuala Lumpur, Wilayah Persekutuan Kuala Lumpur",https://share.google/Fjkwwz0f5iOcS8M4m,https://wa.me/60164222528,Y3,60164222528,6016-4222 528,"[""TPMS"",""Valve"",""Inflator"",""Tyre Repair Kit""]",wix:image://v1/7bdb27_a72bc59396cd4f9f8b337e098d9e8251~mv2.png/TPMS%20+%20Valve%20+%20Inflator%20+%20Repair%20Kit.png#originWidth=3160&originHeight=670,
97,DYNO Performance Tyres & Services Centre Sdn Bhd,Liew,,,2,4,1,1,,September,Tyre Dealer ,Own Signage,Semenyih,Selangor,"Eco Majestic, Eco majestic, 36-1, Jln Eco Majestic 10/1B, 43500 Semenyih, Selangor",https://share.google/oSEmx0Md1TJV9ZHwm,https://wa.me/60193609066,Y3,60193609066,6019-3609 066,"[""Valve"",""TPMS"",""Inflator"",""Tyre Repair Kit""]",wix:image://v1/7bdb27_a72bc59396cd4f9f8b337e098d9e8251~mv2.png/TPMS%20+%20Valve%20+%20Inflator%20+%20Repair%20Kit.png#originWidth=3160&originHeight=670,
98,K & J Car Auto Services & Tyre Centre,Liew,,,2,2,,1,,September,Tyre Dealer ,Winda,Kajang,Selangor,"7, Jalan Jenaris 2a, Taman perindustrian, 43000 Kajang, Selangor",https://share.google/gWamESABD52sfBEHh,https://wa.me/60166633220,Y3,60166633220,6016-6633 220,"[""Valve"",""TPMS"",""Tyre Repair Kit""]",wix:image://v1/7bdb27_db19afea413746e8a69e4cc674ecca06~mv2.png/TPMS%20+%20Valve%20+%20Repair%20Kit.png#originWidth=3160&originHeight=670,
99,Top Gear Motorsports Sdn Bhd,Liew,,,1,2,1,,,September,WorkShop,Mobil,Cheras,Selangor,"187-G, Block T, Jln Dataran Cheras 9, Cheras Traders Square, 43200 Cheras, Selangor",https://share.google/1NqEa8FPut3DK01BK,https://wa.me/60122192373,Y3,60122192373,6012-2192 373,"[""Valve"",""TPMS"",""Inflator""]",wix:image://v1/7bdb27_de65c53941324ae5b176377f35839719~mv2.png/Valve_TPMS_Inflator.png#originWidth=3160&originHeight=670,
100,WKP Tyre Services Sdn Bhd,Alan,52,1,,,,,Mar 2026,September,Tyre Dealer ,Continental,Batu Caves,Selangor,"18 & 20, Jalan Sbc 4, Taman Sri Batu Caves, 68100 Batu Caves, Selangor",https://share.google/oX2JgKCTxW4MRFcqU,https://wa.me/60123358832,Y3,60123358832,6012-3358 832,"[""Wiper"",""Windshield Fluid""]",wix:image://v1/7bdb27_05272b9d3809453486611a3514e423fd~mv2.png/Wiper_Fluid.png#originWidth=3160&originHeight=670,
101,C.K.L. Group (M) Sdn Bhd,Alan,,3,,,30,,Sept 2025,September,,,,,,,,Y3,,,,,
102,Ray Car Care Service Centre,Liew,,,6,,,,Sept 2025,September,WorkShop,Own Signage,Sungai Buloh,Selangor,"3 & 5, Jalan BRP 6/13, Bukit Rahman Putra, 40160 Sungai Buloh, Selangor",https://share.google/6vMD0lpDt4wTUDqJg,https://wa.me/60192638687,Y3,60192638687,6019-2638 687,"[""TPMS""]",wix:image://v1/7bdb27_dfd7eacbc63c4dd3a1dbd713d55f4024~mv2.png/TPMS.png#originWidth=3160&originHeight=670,
103,CN Auto Tyre Sdn Bhd (HQ),Liew,230,1,6,9,3,1,Sept 2025,September,Tyre Dealer ,Continental,Shah Alam,Selangor,"No 41, 43, 45 & 47, Jalan Tukul N15/N, Seksyen 15, 40200 Shah Alam, Selangor",https://share.google/ncLX72tC9Q7WQgP3H,https://wa.me/601139030187,March26,601139030187,6011-3903 187,"[""Inflator"",""TPMS"",""Valve"",""Windshield Fluid"",""Wiper"",""Tyre Repair Kit""]",wix:image://v1/7bdb27_98a6de79cd334bb1a160b1de0917d976~mv2.png/Full%20Range.png#originWidth=3560&originHeight=670,
104,LoongSheng Motor Sdn Bhd,Alan,,,1,2,1,,,September,WorkShop,Own Signage,Petaling Jaya,Selangor,"No.31, Jalan PJU 3/45, Sunway Damansara Technology Park, 47810 Petaling Jaya, Selangor",https://share.google/2yyaetrzFOqh1ccyj,https://wa.me/60122366183,Y3,60122366183,6012-2366 183,"[""Valve"",""TPMS"",""Inflator""]",wix:image://v1/7bdb27_de65c53941324ae5b176377f35839719~mv2.png/Valve_TPMS_Inflator.png#originWidth=3160&originHeight=670,
105,ET Tyre Service Sdn Bhd,Liew,,,,,2,,,September,WorkShop,Castrol,Petaling Jaya,Selangor,"60, Jalan 14/48, Seksyen 14, 46100 Petaling Jaya, Selangor",https://share.google/BFJREkwLl0n0iYTkq,https://wa.me/60162668236,Y3,60162668236,6016-2668 236,"[""Inflator""]",wix:image://v1/7bdb27_75598b88d9e2472c8078978540e07af1~mv2.png/Inflator.png#originWidth=3160&originHeight=670,
106,ECW Motorsports Sdn Bhd - Semenyih,Alan,,,1,2,,,,September,Tyre Dealer ,Own Signage,Semenyih,Selangor,"No 38 & 38A, Jalan 1/2, Seksyen 1, Bandar Teknologi Kajang, 43500 Semenyih, Selangor",https://share.google/jRSu6xjYz33cwQEbX,https://wa.me/60132880381,Y3,60132880381,6013-2880 381,"[""TPMS"",""Valve""]",wix:image://v1/7bdb27_0826bdb078cf4b099cb33b810ff324fc~mv2.png/TPMS_Valve.png#originWidth=3160&originHeight=670,
107,ECW Motorsports Sdn Bhd - Bangi,Alan,,,1,2,,,,September,WorkShop,Own Signage,Bandar Baru Bangi,Selangor,"9, Jalan P10/21, Taman Perindustrian Selaman, 43650 Bandar Baru Bangi, Selangor",https://share.google/g0udOIn1x5p82z3BT,https://wa.me/601139785779,Y3,601139785779,6011-3978 779,"[""TPMS"",""Valve""]",wix:image://v1/7bdb27_0826bdb078cf4b099cb33b810ff324fc~mv2.png/TPMS_Valve.png#originWidth=3160&originHeight=670,
108,Man Heng Auto Service,Alan,,,1,2,1,,,October,WorkShop,Castrol,Kuala Lumpur,Kuala Lumpur,"NO:62G, Jalan Medan Putra 3, Business Centre,Bandar Sri Menjalara,52200 Kuala Lumpur",https://share.google/IKVWfXTvQrFSoIgcW,https://wa.me/60173367848,Y3,60173367848,6017-3367 848,"[""Valve"",""TPMS"",""Inflator""]",wix:image://v1/7bdb27_de65c53941324ae5b176377f35839719~mv2.png/Valve_TPMS_Inflator.png#originWidth=3160&originHeight=670,
109,MJ Auto (U5) Sdn Bhd,Alan,,,1,2,1,,,October,Tyre Dealer ,Hi Rev,Shah Alam,Selangor,"NO : 2,Jalan Utarid U5/24,Mah Sing Industrial Park,40150 Shah Alam, Selangor",https://share.google/IKVWfXTvQrFSoIgcW,https://wa.me/60123552225,Y3,60123552225,6012-3552 225,"[""Valve"",""TPMS"",""Inflator""]",wix:image://v1/7bdb27_de65c53941324ae5b176377f35839719~mv2.png/Valve_TPMS_Inflator.png#originWidth=3160&originHeight=670,
110,HKK Tyre Service,Alan,,,1,2,1,,,October,Tyre Dealer ,Chao Yang,Shah Alam,Selangor,"41, Jalan Utarid U5/27, Mah Sing Industrial Park, 40150 Shah Alam, Selangor",https://share.google/C18rckKzsg5hksSyH,https://wa.me/60122137738,Y3,60122137738,6012-2137 738,"[""Valve"",""TPMS"",""Inflator""]",wix:image://v1/7bdb27_de65c53941324ae5b176377f35839719~mv2.png/Valve_TPMS_Inflator.png#originWidth=3160&originHeight=670,
111,Top Star Tyres Sdn Bhd,Alan,150,,,,,,Oct 2025,October,Tyre Dealer ,Own Signage,Batu Caves,Selangor,"No.11, Jalan PPS 1,Pusat Perdagangan Selaseh,68100 Batu Caves, Selangor
",https://share.google/ZxpI4zvSKwbGg5ePd,https://wa.me/60162190626,March26,60162190626,6016-2190 626,"[""Wiper""]",wix:image://v1/7bdb27_5062baa20f3445619f68013df5fd93f8~mv2.png/Wiper%20(1).png#originWidth=3160&originHeight=670,
112,SS Pro Auto Sdn Bhd,Alan,,,,10,1,1,,October,Tyre Dealer ,Continental,Petaling Jaya,Selangor,"No:8 & 10, Jalan PJS 11/3,Sunway Light Industrial Park 46150 Petaling Jaya, Selangor",https://share.google/lLB5SDYHo9rRGm9UH,https://wa.me/60192892669,Y3,60192892669,6019-2892 669,"[""Valve"",""Inflator"",""Tyre Repair Kit""]",wix:image://v1/7bdb27_817ae20b78dd4cd98f7f5baf5ea729b1~mv2.png/Valve%20+%20Inflator%20+%20Repair%20Kit.png#originWidth=3160&originHeight=670,
113,Kakimotor Klang,Liew,,,5,10,,,Oct 2025,October,Tyre Dealer ,Own Signage,Klang,Selangor,"No.6, Jalan Astaka 4B/KU2, Bandar Bukit Raja, 41050 Klang, Selangor",https://share.google/moxlbZz2gxvEzr3Us,https://wa.me/60162162047,Y3,60162162047,6016-2162 047,"[""TPMS"",""Valve""]",wix:image://v1/7bdb27_0826bdb078cf4b099cb33b810ff324fc~mv2.png/TPMS_Valve.png#originWidth=3160&originHeight=670,
114,Kakimotor Nilai,Liew,,,5,10,,,Oct 2025,October,Tyre Dealer ,Own Signage,Nilai,Negeri Sembilan,"PT8028 Jalan BBN 5/3, Taman Desa Jasmin,71800 Nilai, Negeri Sembilan",https://share.google/UiIrQwNDSbiVuxoEj,https://wa.me/60126857121,Y3,60126857121,6012-6857 121,"[""TPMS"",""Valve""]",wix:image://v1/7bdb27_0826bdb078cf4b099cb33b810ff324fc~mv2.png/TPMS_Valve.png#originWidth=3160&originHeight=670,
115,IF Auto Sdn Bhd,Alan,,,1,2,1,,,October,WorkShop,Own Signage,Puchong,Selangor,"No. 48, Jalan Puteri 5/12,Bandar Puteri Puchong,47100 Puchong, Selangor",https://share.google/Wm6xPFWiX7xRVlWqk,https://wa.me/60175159265,Y3,60175159265,6017-5159 265,"[""Valve"",""TPMS"",""Inflator""]",wix:image://v1/7bdb27_de65c53941324ae5b176377f35839719~mv2.png/Valve_TPMS_Inflator.png#originWidth=3160&originHeight=670,
116,Cheng Hup Tyres & Auto Service,Alan,,,2,,2,,Oct 2025,October,WorkShop,Own Signage,Kuala Lumpur,Kuala Lumpur,"NO:1701,Jalan Tebing Timor,Jinjang Utara,52000 Kuala Lumpur, Wilayah Persekutuan Kuala Lumpur",https://share.google/gE02iIf84pbGy10yK,https://wa.me/60166551998,Y3,60166551998,6016-6551 998,"[""Inflator"",""TPMS""]",wix:image://v1/7bdb27_48e4226c63bc44e69c28f6b5d0ef1626~mv2.png/TPMS_Inflator.png#originWidth=3160&originHeight=670,
117,Best GT Auto Sdn Bhd,Alan,18,,,4,1,,,October,WorkShop,Own Signage,Setapak,Kuala Lumpur,"No. SH-13, Jalan Cengal Selatan,Taman Setapak,53000 Kuala Lumpur, Wilayah Persekutuan Kuala Lumpur",https://share.google/geVuwsdmBZ8miVRES,https://wa.me/60193515959,Y3,60193515959,6019-3515 959,"[""Valve"",""Inflator""]",wix:image://v1/7bdb27_64e28d7ca992473cbf1593c02064e14e~mv2.png/Valve_Inflator.png#originWidth=3160&originHeight=670,
118,Weng Heng BP Tyre & Auto Service Sdn Bhd,Alan,,,2,2,1,,,October,Tyre Dealer ,Goodyear,Puchong,Selangor,"NO:53,Jalan BP 5,Bandar Bukit Puchong,47100 Puchong, Selangor",https://share.google/nCm7PEJOn8zFewD6d,https://wa.me/60126951622,Y3,60126951622,6012-6951 622,"[""Valve"",""TPMS"",""Inflator""]",wix:image://v1/7bdb27_de65c53941324ae5b176377f35839719~mv2.png/Valve_TPMS_Inflator.png#originWidth=3160&originHeight=670,
119,Maxipura Sdn Bhd,Alan,,,,10,,10,Oct 2025,October,Tyre Dealer ,Goodyear,Shah Alam,Selangor,"44, Jalan Badminton 13/29, Seksyen 13, 40100 Shah Alam, Selangor",https://share.google/uoxAgzB0TIQkrW3uh,https://wa.me/601128616130,Y3,601128616130,6011-2861 130,"[""Valve"",""Tyre Repair Kit""]",wix:image://v1/7bdb27_2dfa877668cc4254a14ad1c2fb2b34f7~mv2.png/Valve%20+%20Repair%20Kit.png#originWidth=3160&originHeight=670,
120,Supermax Tyres & Auto Service Centre,Liew,45,,,,,,,October,Tyre Dealer ,Yokohama,Seri Kembangan,Selangor,"No.2, Jalan PBS 14/10,Taman Perindustrian Bukit Serdang, Bukit Serdang, 43300 Seri Kembangan, Selangor",https://share.google/C0RNIZLfzMVAD7lvD,https://wa.me/60167219819,March26,60167219819,6016-7219 819,"[""Wiper""]",wix:image://v1/7bdb27_5062baa20f3445619f68013df5fd93f8~mv2.png/Wiper%20(1).png#originWidth=3160&originHeight=670,
121,Eco Plus Tyre AutoCare,Liew,,,,20,,,,October,WorkShop,Own Signage,Tropicana Aman,Selangor,"18-1,jalan Aman Tiara 4, D.E, Persiaran Tropicana Aman, 42500, Selangor",https://share.google/F53YFeiXhbnh5lzBE,https://wa.me/60102161096,Y4,60102161096,6010-2161 096,"[""Valve""]",wix:image://v1/7bdb27_110173656c8c4335aecf23f4833f5b9f~mv2.png/Valve.png#originWidth=3160&originHeight=670,
122,Dk Tyre Auto,Liew,,,,2,2,1,,October,Tyre Dealer ,Own Signage,Petaling Jaya,Selangor,"No.14, Jalan SS 20/10, Taman Damansara Kim, 47400 Petaling Jaya, Selangor",https://share.google/OhLMGGdjn8WOf7tG0,https://wa.me/60122272936,Y4,60122272936,6012-2272 936,"[""Valve"",""Inflator"",""Tyre Repair Kit""]",wix:image://v1/7bdb27_817ae20b78dd4cd98f7f5baf5ea729b1~mv2.png/Valve%20+%20Inflator%20+%20Repair%20Kit.png#originWidth=3160&originHeight=670,
123,N Speed Tyre & Car Service Centre Sdn Bhd,Alan,,,,10,,,,October,Tyre Dealer ,Own Signage,Batu Caves,Selangor,"No.47,Jln Prima SG3/1,Prima Sri Gombak,68100 Batu Caves, Selangor",https://share.google/KgiVjlSjTWMo9UnQ2,https://wa.me/60163313732,Y4,60163313732,6016-3313 732,"[""Valve""]",wix:image://v1/7bdb27_110173656c8c4335aecf23f4833f5b9f~mv2.png/Valve.png#originWidth=3160&originHeight=670,
124,WSS Car Service Center Sdn Bhd,Alan,,,2,,,,,October,Tyre Dealer ,Continental,Semenyih,Selangor,"No. 27-G, Jalan Semenyih Sentral 1,Semenyih Sentral,43500 Semenyih, Selangor",https://share.google/RInXoI1qkGaevRYMh,https://wa.me/60122837813,Y4,60122837813,6012-2837 813,"[""TPMS""]",wix:image://v1/7bdb27_dfd7eacbc63c4dd3a1dbd713d55f4024~mv2.png/TPMS.png#originWidth=3160&originHeight=670,
125,WSS Motorsport Sdn Bhd,Alan,,,,,,,,October,Tyre Dealer ,Hankook,Semenyih,Selangor,"49, Jalan TPS 1/5,Taman Pelangi Semenyih,43500 Semenyih, Selangor",https://share.google/LE9vkubS5Vg4QWSHb,https://wa.me/601161119696,Y4,601161119696,6011-6111 696,,,
126,Explosion Auto Car Care (M) Sdn Bhd,Liew,22,,,,,,,October,WorkShop,Own Signage,Ampang,Selangor,"No. 15, Jalan Avenue 3, One Ampang Avenue, 68000 Ampang, Selangor",https://share.google/iSlndzAyNZFE9akv7,https://wa.me/60162085583,March26,60162085583,6016-2085 583,"[""Wiper""]",wix:image://v1/7bdb27_5062baa20f3445619f68013df5fd93f8~mv2.png/Wiper%20(1).png#originWidth=3160&originHeight=670,
127,KK Speed Car Service Center PLT,Alan,,,,2,1,,,October,Tyre Dealer ,Own Signage,Puchong,Selangor,"25, Jalan Puteri 4/1, Bandar Puteri, 47100 Puchong, S",https://share.google/gKVGbeY4wacZHL2Ao,https://wa.me/60103663223,Y4,60103663223,6010-3663 223,"[""Valve"",""Inflator""]",wix:image://v1/7bdb27_64e28d7ca992473cbf1593c02064e14e~mv2.png/Valve_Inflator.png#originWidth=3160&originHeight=670,
128,https://wa.me/60173118700,Liew,,,1,2,,1,,October,Tyre Dealer ,Bridgestone,Seri Kembangan,Selangor,"1, Jalan PUJ 3/4, Taman Puncak Jalil, 43300 Seri Kembangan, Selangor",https://share.google/TpErRVBb5pGHDsUhT,https://wa.me/60173118700,Y4,60173118700,6017-3118 700,"[""Valve"",""TPMS"",""Tyre Repair Kit""]",wix:image://v1/7bdb27_db19afea413746e8a69e4cc674ecca06~mv2.png/TPMS%20+%20Valve%20+%20Repair%20Kit.png#originWidth=3160&originHeight=670,
129,Wing Hing Tyre Service Sdn Bhd,Alan,,1,1,10,,,Oct 2025,October,Tyreplus,Tyreplus,Sungai Buloh,Selangor,"503A, Kampung Baru Sg. Buloh, Sungai Buloh,  47000 Sungai Buloh Malaysia",https://share.google/YjIt8npw2ZRu62r6a,https://wa.me/60162157833,Y5,60162157833,6016-2157 833,"[""Valve"",""Windshield Fluid"",""TPMS""]",wix:image://v1/7bdb27_52001d66d1ce40e2bdaf7ccb81b88ab1~mv2.png/Fluid_TPMS_Valve.png#originWidth=3160&originHeight=670,
130,Eurika Autocare Sdn Bhd,Alan,,1,1,10,,,Dec 2025,October,Tyreplus,Tyreplus,Shah Alam,Selangor,"No. 9, Jalan Anggerik Vanilla P31/P, Kota Kemuning, Seksyen 31, 40460 Shah Alam, Selangor",https://share.google/EKrCWBkEsuSALQStw,https://wa.me/60162087833,Y5,60162087833,6016-2087 833,"[""Valve"",""Windshield Fluid"",""TPMS""]",wix:image://v1/7bdb27_52001d66d1ce40e2bdaf7ccb81b88ab1~mv2.png/Fluid_TPMS_Valve.png#originWidth=3160&originHeight=670,
131,WH Autocare Sdn Bhd,Alan,,1,1,10,,,,October,Tyreplus,Tyreplus,Kuala Lumpur,Kuala Lumpur,"No.6, Persiaran KIP 3, Taman Perindustrian KIP, 52200 Kuala Lumpur.",https://share.google/6FgpUEncU9wbBgHiO,https://wa.me/60123835187,Y5,60123835187,6012-3835 187,"[""Valve"",""Windshield Fluid"",""TPMS""]",wix:image://v1/7bdb27_52001d66d1ce40e2bdaf7ccb81b88ab1~mv2.png/Fluid_TPMS_Valve.png#originWidth=3160&originHeight=670,
132,Mega Autocare Sdn Bhd,Alan,,1,1,10,,,,October,Tyreplus,Tyreplus,Sungai Buloh,Selangor,"2, Jalan TSB 10, Taman Industri Sungai Buloh, 47000 Sungai Buloh, Selangor",https://share.google/bygiyNeJh1FzHPncs,https://wa.me/60162180109,Y5,60162180109,6016-2180 109,"[""Valve"",""Windshield Fluid"",""TPMS""]",wix:image://v1/7bdb27_52001d66d1ce40e2bdaf7ccb81b88ab1~mv2.png/Fluid_TPMS_Valve.png#originWidth=3160&originHeight=670,
133,Nova Autocare Sdn Bhd,Alan,,1,1,10,,,,October,Tyreplus,Tyreplus,Kepong,Kuala Lumpur,"38, Jalan 6/62a, Bandar Menjalara, 52200 Kepong, Wilayah Persekutuan Kuala Lumpur",https://share.google/ZzdbmEVvZdZJF42u5,https://wa.me/60166877559,Y5,60166877559,6016-6877 559,"[""Valve"",""Windshield Fluid"",""TPMS""]",wix:image://v1/7bdb27_52001d66d1ce40e2bdaf7ccb81b88ab1~mv2.png/Fluid_TPMS_Valve.png#originWidth=3160&originHeight=670,
134,Nova Autocare (BSD) Sdn Bhd,Alan,,1,1,10,,,,October,Tyreplus,Tyreplus,Kuala Lumpur,Kuala Lumpur,"35, Jalan Ara SD 7/3a, Bandar Sri Damansara, 52200 Kuala Lumpur, Wilayah Persekutuan",https://share.google/36j6kxPNXyexZqjym,https://wa.me/60105668331,Y5,60105668331,6010-5668 331,"[""Valve"",""Windshield Fluid"",""TPMS""]",wix:image://v1/7bdb27_52001d66d1ce40e2bdaf7ccb81b88ab1~mv2.png/Fluid_TPMS_Valve.png#originWidth=3160&originHeight=670,
135,Nova Autocare (SLJ) Sdn Bhd,Alan,,1,1,10,,,,October,Tyreplus,Tyreplus,Batu Caves,Selangor,"Lot 56987, 1, Jalan SJ 1, Taman Selayang Jaya, 68100 Batu Caves, Selangor",https://share.google/tvzV88m89g9UX1ZLE,https://wa.me/60102051199,Y5,60102051199,6010-2051 199,"[""Valve"",""Windshield Fluid"",""TPMS""]",wix:image://v1/7bdb27_52001d66d1ce40e2bdaf7ccb81b88ab1~mv2.png/Fluid_TPMS_Valve.png#originWidth=3160&originHeight=670,
136,Nova Autocare (PPS) Sdn Bhd,Alan,,1,1,10,,,Dec 2025,October,Tyreplus,Tyreplus,Puchong,Selangor,"G-2, Jln Puteri 4/9, Bandar Puteri, 47100 Puchong, Selangor",https://share.google/fhvUOvSbKgWpWzDmA,https://wa.me/60102202233,Y5,60102202233,6010-2202 233,"[""Valve"",""Windshield Fluid"",""TPMS""]",wix:image://v1/7bdb27_52001d66d1ce40e2bdaf7ccb81b88ab1~mv2.png/Fluid_TPMS_Valve.png#originWidth=3160&originHeight=670,
137,Nova Autocare (PJ) Sdn Bhd,Alan,,1,1,10,,,Dec 2025,October,Tyreplus,Tyreplus,Petaling Jaya,Selangor,"76, Jalan SS 24/2, Taman Megah, 47301 Petaling Jaya, Selangor",https://share.google/MbmbuoN0eNEZ0Vikv,https://wa.me/60163842644,Y5,60163842644,6016-3842 644,"[""Valve"",""Windshield Fluid"",""TPMS""]",wix:image://v1/7bdb27_52001d66d1ce40e2bdaf7ccb81b88ab1~mv2.png/Fluid_TPMS_Valve.png#originWidth=3160&originHeight=670,
138,Nova Autocare (SA) Sdn Bhd,Alan,,1,1,10,,,,October,Tyreplus,Tyreplus,Shah Alam,Selangor,"80G, Jalan Eco Ardence C U12, Seksyen, Setia Alam, 40170 Shah Alam",https://share.google/PD675QjYYQoh0RdET,https://wa.me/60163842644,Y5,60163842644,6016-3842 644,"[""Valve"",""Windshield Fluid"",""TPMS""]",wix:image://v1/7bdb27_52001d66d1ce40e2bdaf7ccb81b88ab1~mv2.png/Fluid_TPMS_Valve.png#originWidth=3160&originHeight=670,
139,Nova Autocare (DP) Sdn Bhd,Alan,,1,1,10,,,,October,Tyreplus,Tyreplus,Petaling Jaya,Selangor,"no 72, 1, Jalan PJU 8/5b, Damansara Perdana, 47820 Petaling Jaya, Selangor",https://share.google/vaNu0TBn8APaCVJNu,https://wa.me/60166877559,Y5,60166877559,6016-6877 559,"[""Valve"",""Windshield Fluid"",""TPMS""]",wix:image://v1/7bdb27_52001d66d1ce40e2bdaf7ccb81b88ab1~mv2.png/Fluid_TPMS_Valve.png#originWidth=3160&originHeight=670,
140,4M Carcare Auto Service Sdn Bhd,Alan,,,1,2,1,,,October,WorkShop,Own Signage,Kuala Lumpur,Kuala Lumpur,"NO : 45, Jalan Gangsa SD 5/3H, Bandar Sri Damansara, 52200 Kuala Lumpur",https://share.google/UDJaJ5ub17Yu3NfA4,https://wa.me/601119339513,Y5,601119339513,6011-1933 513,"[""Valve"",""TPMS"",""Inflator""]",wix:image://v1/7bdb27_de65c53941324ae5b176377f35839719~mv2.png/Valve_TPMS_Inflator.png#originWidth=3160&originHeight=670,
141,Weng Tat Tyre Service,Alan,,,1,1,1,1,,November,Tyre Dealer ,Goodyear,Subang Jaya,Selangor,"12, Jalan SS 14/2, Ss 14, 47500 Subang Jaya, Selangor",https://share.google/VCVhwnvMW3KvwLGan,https://wa.me/60127833199,Y5,60127833199,6012-7833 199,"[""Valve"",""TPMS"",""Inflator"",""Tyre Repair Kit""]",wix:image://v1/7bdb27_a72bc59396cd4f9f8b337e098d9e8251~mv2.png/TPMS%20+%20Valve%20+%20Inflator%20+%20Repair%20Kit.png#originWidth=3160&originHeight=670,
142,Wan Auto Car Wheels Sdn Bhd,Alan,,,,10,,,,November,Tyre Dealer ,Continental,Bandar Baru Bangi,Selangor,"No. 2 Jalan 7/7A, Seksyen 7, 43650 Bandar Baru Bangi.",https://share.google/D3CT9Qo4oykAZ5A4X,https://wa.me/60193887211,Y5,60193887211,6019-3887 211,"[""Valve""]",wix:image://v1/7bdb27_110173656c8c4335aecf23f4833f5b9f~mv2.png/Valve.png#originWidth=3160&originHeight=670,
143,Subang 2 Car Care Sdn Bhd,Liew,122,,,,,,Dec 2025,November,Tyre Dealer ,Toyo,Shah Alam,Selangor,"2, Jalan Apollo U5/191, Bandar Pinggiran Subang, 40150 Shah Alam, Selangor",https://share.google/nIfwLCHoD9d6STyFA,https://wa.me/60163556999,Y5,60163556999,6016-3556 999,"[""Wiper""]",wix:image://v1/7bdb27_5062baa20f3445619f68013df5fd93f8~mv2.png/Wiper%20(1).png#originWidth=3160&originHeight=670,
144,Perkhidmatan & Perniagaan Tayar Kim Heng,Alan,,,1,2,1,,,November,Tyre Dealer ,Own Signage,Kuala Lumpur,Kuala Lumpur,"LOT KP-G6 Ground Floor,Block KPI, Jalan 3/115C,Taman Kuchai Jaya, 58200 Kuala Lumpur, Wilayah Persekutuan Kuala Lumpur",https://share.google/4BcDkYPfHuydg59GK,https://wa.me/60176666863,Y5,60176666863,6017-6666 863,"[""Valve"",""TPMS"",""Inflator""]",wix:image://v1/7bdb27_de65c53941324ae5b176377f35839719~mv2.png/Valve_TPMS_Inflator.png#originWidth=3160&originHeight=670,
145,LBH Tyre Services Sdn Bhd,Alan,,,1,,,2,,November,Tyre Dealer ,Shell,Petaling Jaya,Selangor,"No. 5, Jalan SS 21/1a, Damansara Utama, 47400 Petaling Jaya, Selangor",https://share.google/GFP5N4vrl0gjDeVUe,https://wa.me/60166628899,Y5,60166628899,6016-6628 899,"[""TPMS"",""Tyre Repair Kit""]",wix:image://v1/7bdb27_546204fdf2214c82ae990e5cc8926d92~mv2.png/TPMS%20+%20Repair%20Kit.png#originWidth=3160&originHeight=670,
146,BL Auto Car Care & Tyres (M) Sdn Bhd,Alan,,,1,1,1,,,November,Tyre Dealer ,Own Signage,Kuala Lumpur,Kuala Lumpur,"2393, Jalan E 1/5,TamanEhsan Industrial Area,52100 Kuala Lumpur",https://share.google/wrVysCJbC7u96upB8,https://wa.me/60123227870,Y5,60123227870,6012-3227 870,"[""Valve"",""TPMS"",""Inflator""]",wix:image://v1/7bdb27_de65c53941324ae5b176377f35839719~mv2.png/Valve_TPMS_Inflator.png#originWidth=3160&originHeight=670,
147,M&L Tyre Auto Service Sdn Bhd,Liew,22,,,,,,,December,Tyre Dealer ,Toyo,Balakong,Selangor,"No. G-7 & H-8, Lot 400, Batu 11, Jalan Balakong Kawasan Perindusrian Cheras Jaya 43200 Cheras, Selangor",https://share.google/NT3PZNx55rsAHZOLw,https://wa.me/60192625530,Y5,60192625530,6019-2625 530,"[""Wiper""]",wix:image://v1/7bdb27_5062baa20f3445619f68013df5fd93f8~mv2.png/Wiper%20(1).png#originWidth=3160&originHeight=670,
148,Kim Yeow Auto Service PLT,Liew,160,,,,1,1,Dec 2025,December,Tyre Dealer ,Toyo,Bandar Baru Bangi,Selangor,"No. 1, Jalan 1/4, Bandar Baru Bangi, Selangor, 43650 Bangi",https://share.google/shEx37cflRMxoNRD2,https://wa.me/60166555569,Y5,60166555569,6016-6555 569,"[""Wiper""]",wix:image://v1/7bdb27_5062baa20f3445619f68013df5fd93f8~mv2.png/Wiper%20(1).png#originWidth=3160&originHeight=670,
149,Mutiara Techart Auto Services & Tyre Sdn Bhd,Liew,150,,,,2,,Dec 2025,December,Tyre Dealer ,Continental,Petaling Jaya,Selangor,"No 8, CP-1, Jalan PJU 7/4, Mutiara Damansara, 47810 Petaling Jaya, Selangor",https://share.google/khVt0IBItGls1X3KV,https://wa.me/60126790381,March26,60126790381,6012-6790 381,"[""Wiper"",""Valve""]",wix:image://v1/7bdb27_2471275e9d3f4377995d5e5cd7bfb5c0~mv2.png/Wiper_Valve.png#originWidth=3160&originHeight=670,X
150,Top Tyre Sdn Bhd,Liew,,,,30,,,,December,Tyre Dealer ,Own Signage,Gombak,Kuala Lumpur,"BATU 4 1\2, 50-D JALAN KAMPUNG BANDAR DALAM, OFF, Jln Gombak, Kampung Bandar Dalam, 51100, Wilayah Persekutuan Kuala Lumpur",https://share.google/lxsH5CLMKaYBhf4HG,https://wa.me/60162034233,March26,60162034233,6016-2034 233,"[""Valve""]",wix:image://v1/7bdb27_110173656c8c4335aecf23f4833f5b9f~mv2.png/Valve.png#originWidth=3160&originHeight=670,X
151,DE Forged Wheels And Tires Services Sdn Bhd,Liew,110,,,,,,Dec 2025,December,Tyre Dealer ,Goodyear,Medan Niaga Rampai,Kuala Lumpur,"19, JALAN RAMPAI NIAGA 2, MEDAN NIAGA RAMPAI, 53300 Kuala Lumpur, Wilayah Persekutuan Kuala Lumpur",https://share.google/5MGXo4Rr39zvkdMtn,https://wa.me/60163482595,March26,60163482595,6016-3482 595,"[""Wiper""]",wix:image://v1/7bdb27_5062baa20f3445619f68013df5fd93f8~mv2.png/Wiper%20(1).png#originWidth=3160&originHeight=670,X
152,Speed X Tyre Sdn Bhd ,Liew,,,,10,,,,December,Tyre Dealer ,Motul,Klang,Selangor,"25-G, Jalan Bayu Laut 1/KS09, Kota Bayuemas, 41200 Klang, Selangor",https://share.google/pBccTT7afD9bGcTc1,https://wa.me/601121868225,March26,601121868225,6011-2186 225,"[""Valve""]",wix:image://v1/7bdb27_110173656c8c4335aecf23f4833f5b9f~mv2.png/Valve.png#originWidth=3160&originHeight=670,X
153,Yee Huat Tyre & Battery Service (Rawang),Liew,100,1,9,20,9,1,Dec 2025,December,Tyre Dealer ,Tayaria,Rawang,Selangor," 34 & 36, Jalan Setia Rawang 1, Taman Setia Rawang, 48000 Rawang, Selangor",https://share.google/QXdoeMSFj46s1wu42,https://wa.me/60132238866,March26,60132238866,6013-2238 866,"[""Inflator"",""TPMS"",""Valve"",""Windshield Fluid"",""Wiper"",""Tyre Repair Kit""]",wix:image://v1/7bdb27_98a6de79cd334bb1a160b1de0917d976~mv2.png/Full%20Range.png#originWidth=3560&originHeight=670,X
154,KLH Car & Tyre Services Sdn Bhd,Alan,,,1,1,1,1,Dec 2025,December,Tyreplus,Tyreplus,Kuala Lumpur,Kuala Lumpur,"NO : 425, BT 2 3/4, Jalan Ipoh, 51200 Kuala Lumpur, Wilayah Persekutuan",https://share.google/RCuRcB2ePPzIMXSzy,https://wa.me/60174861252,March26,60174861252,6017-4861 252,"[""Valve"",""TPMS"",""Inflator"",""Tyre Repair Kit""]",wix:image://v1/7bdb27_a72bc59396cd4f9f8b337e098d9e8251~mv2.png/TPMS%20+%20Valve%20+%20Inflator%20+%20Repair%20Kit.png#originWidth=3160&originHeight=670,X
155,Syarikat Taman Melawati Tyre & Battery Service,Alan,,,,,,1,,December,Tyre Dealer ,Dunlop,Kuala Lumpur,Kuala Lumpur,"7, Jalan Bandar 2, Taman Melawati, 53100 Kuala Lumpur, Wilayah Persekutuan Kuala Lumpur",https://share.google/j56v2fXZ1F1Dig05u,https://wa.me/60193806368,March26,60193806368,6019-3806 368,"[""Tyre Repair Kit""]",wix:image://v1/7bdb27_178df6e19bfa4a93b9de3a436206cdc7~mv2.png/Repair%20Kit.png#originWidth=3160&originHeight=670,X
156,Yee Huat Tyre and Battery Service (Bandar Country Homes),Liew,20,1,1,40,1,4,Mar'2026,Jan'2026,Tyre Dealer ,Tayaria,Rawang,Selangor,"LOT 1268, Jalan Pusat Bch 1b, Bandar Country Homes, 48000 Rawang, Selangor",https://share.google/tX3FYIH4hbFl3HedZ,https://wa.me/60132953232,March26,60132953232,6013-2953 232,"[""Inflator"",""TPMS"",""Valve"",""Windshield Fluid"",""Wiper"",""Tyre Repair Kit""]",wix:image://v1/7bdb27_98a6de79cd334bb1a160b1de0917d976~mv2.png/Full%20Range.png#originWidth=3560&originHeight=670,X
157,Fast Speed Tyre Service Centre,Alan,,,2,,,,,Jan'2026,WorkShop,Estremo,Kuala Lumpur,Kuala Lumpur,"NO : 32 Ground Floor Jalan 20-38A, Taman Sri Sinar Segambut, 51200 Kuala Lumpur, Wilayah Persekutuan Kuala Lumpur",https://share.google/LtdBVoyttQFHdVnl2,https://wa.me/60122851869,March26,60122851869,6012-2851 869,"[""TPMS""]",wix:image://v1/7bdb27_dfd7eacbc63c4dd3a1dbd713d55f4024~mv2.png/TPMS.png#originWidth=3160&originHeight=670,X
158,Kim Heng Car Care Sdn Bhd,Liew,,,10,,,1,Jan 2026,Jan'2026,Tyreplus,Tyreplus,Petaling Jaya,Selangor,"Lot 81, Jalan PJS 11/7, Bandar Sunway, 46150 Petaling Jaya, Selangor",https://share.google/sfq1ZMTbT9VVDEv1l,https://wa.me/60182579267,March26,60182579267,6018-2579 267,"[""TPMS"",""Tyre Repair Kit""]",wix:image://v1/7bdb27_546204fdf2214c82ae990e5cc8926d92~mv2.png/TPMS%20+%20Repair%20Kit.png#originWidth=3160&originHeight=670,X
159,Pusat Perkhidmatan Tayar & Bateri Puchong Sdn Bhd,Alan,,,1,,,,,Jan'2026,Tyre Dealer ,GITI,Kuala Lumpur,Kuala Lumpur,"Lot 5907 Batu 6 ¼ Jalan Puchong Puchong, 58200 Wilayah Persekutuan, Federal Territory of Kuala Lumpur",https://share.google/bPaYLZRQcDGgXbsv3,https://wa.me/60172371319,March26,60172371319,6017-2371 319,"[""TPMS""]",wix:image://v1/7bdb27_dfd7eacbc63c4dd3a1dbd713d55f4024~mv2.png/TPMS.png#originWidth=3160&originHeight=670,X
160,Xinglong Car & Tyre Sdn Bhd,Liew,22,,,,,,,Jan'2026,WorkShop,Own Signage,Sungai Buloh,Selangor,"29, Jalan BRP 7/2, Bukit Rahman Putra, 47000 Shah Alam, Selangor",https://share.google/XtZBEyEePpjvupFz2,https://wa.me/60129106363,March26,60129106363,6012-9106 363,"[""Wiper""]",wix:image://v1/7bdb27_5062baa20f3445619f68013df5fd93f8~mv2.png/Wiper%20(1).png#originWidth=3160&originHeight=670,X
161,Fastfit Motorsports Sdn Bhd (Cheras),Alan,100,1,10,10,5,5,Jan 2026,Jan'2026,Tyre Dealer ,Tayaria,Kuala Lumpur,Kuala Lumpur,"17, Persiaran Mewah, Bandar Tun Razak, 56000 Kuala Lumpur, Wilayah Persekutuan Kuala Lumpur",https://share.google/mW1SB7fnlZoFMj9Zz,https://wa.me/60177577708,March26,60177577708,6017-7577 708,"[""Inflator"",""TPMS"",""Valve"",""Windshield Fluid"",""Wiper"",""Tyre Repair Kit""]",wix:image://v1/7bdb27_98a6de79cd334bb1a160b1de0917d976~mv2.png/Full%20Range.png#originWidth=3560&originHeight=670,X
162,Fastfit Motorsports Sdn Bhd (Kluang Jalan Besar),Alan,100,1,10,10,5,5,Jan 2026,Jan'2026,Tyre Dealer ,Own Signage,Kluang,Johor," 77, Jalan Besar, Felda Bukit Tongkat, 86000 Kluang, Johor ",https://share.google/NltyooNFsBNZ2rune,https://wa.me/60127913678,March26,60127913678,6012-7913 678,"[""Inflator"",""TPMS"",""Valve"",""Windshield Fluid"",""Wiper"",""Tyre Repair Kit""]",wix:image://v1/7bdb27_98a6de79cd334bb1a160b1de0917d976~mv2.png/Full%20Range.png#originWidth=3560&originHeight=670,X
163,NK Tyre & Auto Service,Liew,,1,,1,,1,,Jan'2026,Tyre Dealer ,Own Signage,Sungai Buloh,Selangor,"No. 32-G (Ground Floor), Jalan BSC 2C/3,Bandar Seri Coalfields Presint 2C, 47000 Sungai Buloh, Selangor",https://share.google/4jTeuGNmQgdbBn6zG,https://wa.me/60189882047,March26,60189882047,6018-9882 047,"[""Valve"",""Windshield Fluid""]",wix:image://v1/7bdb27_b3567b2abb41486ba3f81a7665952faa~mv2.png/Valve_Fluid.png#originWidth=3160&originHeight=670,X
164,Kam Hua Trading Sdn Bhd,Alan,,,1,,,,,Jan'2026,Tyre Dealer ,Falken,Shah Alam,Selangor,"17, Jalan Penyelenggara U1/73, Hicom-glenmarie Industrial Park, 40150 Shah Alam, Selangor",https://share.google/r3Vgn7DVOqt2YOtoX,https://wa.me/60122782338,March26,60122782338,6012-2782 338,"[""TPMS""]",wix:image://v1/7bdb27_dfd7eacbc63c4dd3a1dbd713d55f4024~mv2.png/TPMS.png#originWidth=3160&originHeight=670,X
165,Fastfit Motorsports Sdn Bhd (ECO Majestic),Alan,100,1,10,10,5,5,Feb 2026,Feb'2026,Tyre Dealer ,Own Signage,Semenyih,Selangor,"No. 27-1 & 27, Eco Majestic, 2, Jalan Eco Majestic 10/1E, 43500 Semenyih, Selangor",https://share.google/Bd54rWxprPLNwJASO,https://wa.me/60177239955,March26,60177239955,6017-7239 955,"[""Inflator"",""TPMS"",""Valve"",""Windshield Fluid"",""Wiper"",""Tyre Repair Kit""]",wix:image://v1/7bdb27_98a6de79cd334bb1a160b1de0917d976~mv2.png/Full%20Range.png#originWidth=3560&originHeight=670,X
166,Se7ven Tyres & Car Services Sdn Bhd (BG),Liew,15,1,,,,,,Mar'2026,Tyre Dealer ,Tayaria,Bandar Baru Bangi,Selangor,"NO : 63-G,Jalan Kajang Impian 1/11, 43000 Bandar Baru Bangi, Selangor",https://share.google/13iDdlRaO2SNWbTmp,https://wa.me/60176128837,,,,,,
167,STH Auto Services Centre,Alan,,,,10,5,,,Mar'2026,Tyre Dealer ,MEC,Kuala Lumpur,Kuala Lumpur,"1, Jalan Dagang SD 2/1G, Bandar Sri Damansara, 52200 Kuala Lumpur, Wilayah Persekutuan",https://share.google/9AUH5NknlaKf41MgA,https://wa.me/60128628685,,,,,,
168,KPRO Auto Services (M) Sdn Bhd,Alan,,,,2,,,,Mar'2026,WorkShop,Own Signage,Kuala Lumpur,Kuala Lumpur,"NO.10-G, Jalan Cempaka SD 12/2, Bandar Sri Damansara, 52200 Kuala Lumpur, Wilayah Persekutuan Kuala Lumpur",https://share.google/ACSpUK4klt8BFmw7c,https://wa.me/60165360006,,,,,,
169,Gombak Car Services Sdn Bhd,Alan,,,,10,,,,Mar'2026,Tyre Dealer ,Continental,Kuala Lumpur,Kuala Lumpur,"LOT 7588,Batu 3 3/4,Jalan Gombak 53000 Kuala Lumpur, Wilayah Persekutuan Kuala Lumpur",https://share.google/QfhP57av0gtiThjd6,https://wa.me/60109124029,,,,,,
170,Se7ven Tyres & Car Services Sdn Bhd (Cheras),Liew,,1,,,,,,April'2026,Tyre Dealer ,Tayaria,Cheras,Kuala Lumpur,"Unit No, 12, Jalan Dwitasik 2, Bandar Sri Permaisuri, 56000 Cheras, Wilayah Persekutuan Kuala Lumpur",https://share.google/t3WhdkKbXjRMYTV7k,https://wa.me/60132888332,,,,,,
171,Sunny CarCare Centre Sdn Bhd,Liew,,,,,1,,,April'2026,Tyre Dealer ,Own Signage,Petaling Jaya,Selangor," 10, 12 & 14, Jalan SS 23/11, Taman Sea, 47400 Petaling Jaya, Selangor",https://share.google/5uYDlFKN2KAM1omjq,https://wa.me/60122092772,,,,,,